[
{
  "model": "sessions.session",
  "pk": "0pgr3q67793cmp6wl3aqc9h8s2wvum10",
  "fields": {
    "session_data": ".eJxVzMsOwiAQheF3YS1kKBQGl-59hmZgGFs1bdLLyvju2qQLXZ__Oy_V0bb23bbUuRtYnZU4SC161FiRtI_oNKUcNDaZxTMnlKJOvyxTedRxt3yn8TaZMo3rPGSzJ-ZYF3OduD4vR_t30NPSf3WuIBBdE0QoeIoIlYAgERFy8FacLRZSEy0yBOuKKy1iKgEiUmSv3h8A6UDL:1wGBPk:C69nRCqbRONaxOvgWA0y6Usdb1rL--kbYsYCn8sRy3U",
    "expire_date": "2026-05-08T07:57:28.071Z"
  }
},
{
  "model": "sessions.session",
  "pk": "0qzgdbai36zlazvlz7ua75c3p8jm9m7p",
  "fields": {
    "session_data": ".eJxVzMsOwiAQheF3YS1kKBQGl-59hmZgGFs1bdLLyvju2qQLXZ__Oy_V0bb23bbUuRtYnZU4SC161FiRtI_oNKUcNDaZxTMnlKJOvyxTedRxt3yn8TaZMo3rPGSzJ-ZYF3OduD4vR_t30NPSf3WuIBBdE0QoeIoIlYAgERFy8FacLRZSEy0yBOuKKy1iKgEiUmSv3h8A6UDL:1wGrpx:Ngpr-kxVeVqqhTqfrrwDqTjoiWXICwnHzTPWLRs89xQ",
    "expire_date": "2026-05-10T05:15:21.363Z"
  }
},
{
  "model": "sessions.session",
  "pk": "1nt3rur26hh9w8335evoo8h02fuo9wy9",
  "fields": {
    "session_data": ".eJxVzMsOwiAQheF3YS1kKBQGl-59hmZgGFs1bdLLyvju2qQLXZ__Oy_V0bb23bbUuRtYnZU4SC161FiRtI_oNKUcNDaZxTMnlKJOvyxTedRxt3yn8TaZMo3rPGSzJ-ZYF3OduD4vR_t30NPSf3WuIBBdE0QoeIoIlYAgERFy8FacLRZSEy0yBOuKKy1iKgEiUmSv3h8A6UDL:1wG8kx:NkZtLYCFGgvaNIn_uhKodg_6R8pYoLg2XQKFADFM52Q",
    "expire_date": "2026-05-08T05:07:11.420Z"
  }
},
{
  "model": "sessions.session",
  "pk": "2qc8jbr2om7hd27fmceloqhd6kmupv5u",
  "fields": {
    "session_data": ".eJxVzMsOwiAQheF3YS1kKBQGl-59hmZgGFs1bdLLyvju2qQLXZ__Oy_V0bb23bbUuRtYnZU4SC161FiRtI_oNKUcNDaZxTMnlKJOvyxTedRxt3yn8TaZMo3rPGSzJ-ZYF3OduD4vR_t30NPSf3WuIBBdE0QoeIoIlYAgERFy8FacLRZSEy0yBOuKKy1iKgEiUmSv3h8A6UDL:1wGruS:Tsngz3YPTWR3K94AD2UOl9FnB7iIo_dhiLoSKRQ07NE",
    "expire_date": "2026-05-10T05:20:00.321Z"
  }
},
{
  "model": "sessions.session",
  "pk": "2tuhjwj0m9apkdwyn2hb117k29qvsnpc",
  "fields": {
    "session_data": ".eJxVzMsOwiAQheF3YS1kKBQGl-59hmZgGFs1bdLLyvju2qQLXZ__Oy_V0bb23bbUuRtYnZU4SC161FiRtI_oNKUcNDaZxTMnlKJOvyxTedRxt3yn8TaZMo3rPGSzJ-ZYF3OduD4vR_t30NPSf3WuIBBdE0QoeIoIlYAgERFy8FacLRZSEy0yBOuKKy1iKgEiUmSv3h8A6UDL:1wGEoI:Prp0SvDOmbhoqLZOhzXh2mBI-08pQVHfcxk5jn5wits",
    "expire_date": "2026-05-08T11:35:02.755Z"
  }
},
{
  "model": "sessions.session",
  "pk": "2yu227qvtez98u9qatjpu1itogkhvsmz",
  "fields": {
    "session_data": ".eJxVzMsOwiAQheF3YS1kKBQGl-59hmZgGFs1bdLLyvju2qQLXZ__Oy_V0bb23bbUuRtYnZU4SC161FiRtI_oNKUcNDaZxTMnlKJOvyxTedRxt3yn8TaZMo3rPGSzJ-ZYF3OduD4vR_t30NPSf3WuIBBdE0QoeIoIlYAgERFy8FacLRZSEy0yBOuKKy1iKgEiUmSv3h8A6UDL:1wGh0S:kjKT_LQnD9UqofYGzTExpwOiZJsTzrGGGmTObCI4m3s",
    "expire_date": "2026-05-09T17:41:28.539Z"
  }
},
{
  "model": "sessions.session",
  "pk": "36o0id6d64vctd1mmh1wp5vpevtfzf90",
  "fields": {
    "session_data": ".eJxVzMsOwiAQheF3YS1kKBQGl-59hmZgGFs1bdLLyvju2qQLXZ__Oy_V0bb23bbUuRtYnZU4SC161FiRtI_oNKUcNDaZxTMnlKJOvyxTedRxt3yn8TaZMo3rPGSzJ-ZYF3OduD4vR_t30NPSf3WuIBBdE0QoeIoIlYAgERFy8FacLRZSEy0yBOuKKy1iKgEiUmSv3h8A6UDL:1wGyy0:S9ZeZZepAMBU-6_Ov4BCKq0R8GWVB-n0bh5V2MgttmA",
    "expire_date": "2026-05-10T12:52:08.065Z"
  }
},
{
  "model": "sessions.session",
  "pk": "3o26n1zxdf0bak4cjnja51ypxl8fb3za",
  "fields": {
    "session_data": ".eJxVzLtywyAQheF3oY40IBAsKtPnGZhld7FwFDSjS5qM3912xo3r83_nTyHRerYj_cpWSxVO8oN1UVM7l-VDJTyPOZ27bKmymhTT6NiPuvPibecKYQcBpfNUkFDnTI7VG8tI39L-7RXbZe1pbcdWc_9M-te6918ry_L5at8OZtznhzYmgnaxUJbIHqzJLqMAGA0xAIcQjNGDBh41WOso2kw2yGCL4ZG0Vbc7YiZMew:1wGrfd:IS6wi9pW14iu7sdb0kApbnwVGQrtTeP-JKpAPc77fZM",
    "expire_date": "2026-05-10T05:04:41.044Z"
  }
},
{
  "model": "sessions.session",
  "pk": "3rtduejaxo50ir64qlbzcjf9pxrz5rrr",
  "fields": {
    "session_data": ".eJxVzMsOwiAQheF3YS1kKBQGl-59hmZgGFs1bdLLyvju2qQLXZ__Oy_V0bb23bbUuRtYnZU4SC161FiRtI_oNKUcNDaZxTMnlKJOvyxTedRxt3yn8TaZMo3rPGSzJ-ZYF3OduD4vR_t30NPSf3WuIBBdE0QoeIoIlYAgERFy8FacLRZSEy0yBOuKKy1iKgEiUmSv3h8A6UDL:1wGram:nL0fSHukZbksKsXaVCUvhz-UFTNnj2SKthWQ8p0iG9c",
    "expire_date": "2026-05-10T04:59:40.889Z"
  }
},
{
  "model": "sessions.session",
  "pk": "447458hstuyl66h0nqnvidouys13ys37",
  "fields": {
    "session_data": ".eJxVzLtuwzAMheF30VwblKVIVMbufQaBIqlarSsDvnQp8u5pgCyZz_-dP0PM69mP_Ktbq00l6w-1xVz7uSxvJtN5zPncdctNzNVUB-mCHgdUpMFHdAOlEgacilQvkrCyeWGF-Fv7w8oX9c915LUfWyvjIxmf6z5-rKLL-7N9OZhpn_91UagQ3RRqpeApIigBQSIilOBtdZYtpClaFAjWseMLYuIAESmKN7c75EVMMQ:1wFVuY:qE71W2vRaYius1pf1HZFrGJUJ-4kczHmWQ2G8IB8wZY",
    "expire_date": "2026-05-06T11:38:30.654Z"
  }
},
{
  "model": "sessions.session",
  "pk": "56fb204k35u3vs83wl5rimht6p78w5uq",
  "fields": {
    "session_data": ".eJxVzLsOwjAMheF3yUyjOk6TmpGdZ6jsxKEF1Eq9TIh3h0odYD7_d16m423tu23RuRuyORtsnYYmcBUYUuXZl4pBciWg4iQo1QHN6ZcJp4eOu813Hm-TTdO4zoPYPbHHutjrlPV5Odq_g56X_qslZmJKkCkkDz5iQJdcplhQtXDRDE4duZqAvJNUGIAoemzaGj2jeX8ALPFBDw:1wGGmb:LytDRczN2gzbn5BNJr_JBN0tFKj-2hQ5Ydrem-q0MVw",
    "expire_date": "2026-05-08T13:41:25.970Z"
  }
},
{
  "model": "sessions.session",
  "pk": "5r91u6oqhue9xeqv7ovu883inoz7x3ud",
  "fields": {
    "session_data": ".eJxVzLsOwjAMheF3yUyjOk6TmpGdZ6jsxKEF1Eq9TIh3h0odYD7_d16m423tu23RuRuyORtsnYYmcBUYUuXZl4pBciWg4iQo1QHN6ZcJp4eOu813Hm-TTdO4zoPYPbHHutjrlPV5Odq_g56X_qslZmJKkCkkDz5iQJdcplhQtXDRDE4duZqAvJNUGIAoemzaGj2jeX8ALPFBDw:1wGzLF:02vhTvcLdfx4KGrrjE_X2xDgRa8TBeCA8ujZaV2JwTM",
    "expire_date": "2026-05-10T13:16:09.144Z"
  }
},
{
  "model": "sessions.session",
  "pk": "5wdalc84scvhctw4zv7dur5bwzews4l1",
  "fields": {
    "session_data": ".eJxVzMsOwiAQheF3YS1kKBQGl-59hmZgGFs1bdLLyvju2qQLXZ__Oy_V0bb23bbUuRtYnZU4SC161FiRtI_oNKUcNDaZxTMnlKJOvyxTedRxt3yn8TaZMo3rPGSzJ-ZYF3OduD4vR_t30NPSf3WuIBBdE0QoeIoIlYAgERFy8FacLRZSEy0yBOuKKy1iKgEiUmSv3h8A6UDL:1wGuJj:-4WCSF42oE4sTYkR89niWTum02nhpxtHz81Gdu3bxBw",
    "expire_date": "2026-05-10T07:54:15.085Z"
  }
},
{
  "model": "sessions.session",
  "pk": "6x4hu8x7062ajfqlfo0do9un82kv71iw",
  "fields": {
    "session_data": ".eJxVzLsOwjAMheF3yUyjOk6TmpGdZ6jsxKEF1Eq9TIh3h0odYD7_d16m423tu23RuRuyORtsnYYmcBUYUuXZl4pBciWg4iQo1QHN6ZcJp4eOu813Hm-TTdO4zoPYPbHHutjrlPV5Odq_g56X_qslZmJKkCkkDz5iQJdcplhQtXDRDE4duZqAvJNUGIAoemzaGj2jeX8ALPFBDw:1wGep2:gMIUefX5QSqQtCu1vhTe0dKlnuJSNVbzxtnCMQXCd8w",
    "expire_date": "2026-05-09T15:21:32.733Z"
  }
},
{
  "model": "sessions.session",
  "pk": "7frcrdq20ecwyhz227ai994436a5e91c",
  "fields": {
    "session_data": ".eJxVzLsOwjAMheF3yUyjOk6TmpGdZ6jsxKEF1Eq9TIh3h0odYD7_d16m423tu23RuRuyORtsnYYmcBUYUuXZl4pBciWg4iQo1QHN6ZcJp4eOu813Hm-TTdO4zoPYPbHHutjrlPV5Odq_g56X_qslZmJKkCkkDz5iQJdcplhQtXDRDE4duZqAvJNUGIAoemzaGj2jeX8ALPFBDw:1wGwvR:tQjfk5PlPrZC94rFdXEouYUtdDRLYKhO9IPQ5g49Gl0",
    "expire_date": "2026-05-10T10:41:21.495Z"
  }
},
{
  "model": "sessions.session",
  "pk": "7hknjp2mwj4a7f8830zdrj151ai1yivp",
  "fields": {
    "session_data": ".eJxVzMsOwiAQheF3YS1kKBQGl-59hmZgGFs1bdLLyvju2qQLXZ__Oy_V0bb23bbUuRtYnZU4SC161FiRtI_oNKUcNDaZxTMnlKJOvyxTedRxt3yn8TaZMo3rPGSzJ-ZYF3OduD4vR_t30NPSf3WuIBBdE0QoeIoIlYAgERFy8FacLRZSEy0yBOuKKy1iKgEiUmSv3h8A6UDL:1wGAUK:sYEsbTy_w8OqsS4k1vwvgM7BEotxF90k-KXuZb-hTZA",
    "expire_date": "2026-05-08T06:58:08.852Z"
  }
},
{
  "model": "sessions.session",
  "pk": "83c0zkcqn229q9litnya8puv1azwpm1y",
  "fields": {
    "session_data": ".eJxVzMsOwiAQheF3YS1kKBQGl-59hmZgGFs1bdLLyvju2qQLXZ__Oy_V0bb23bbUuRtYnZU4SC161FiRtI_oNKUcNDaZxTMnlKJOvyxTedRxt3yn8TaZMo3rPGSzJ-ZYF3OduD4vR_t30NPSf3WuIBBdE0QoeIoIlYAgERFy8FacLRZSEy0yBOuKKy1iKgEiUmSv3h8A6UDL:1wGeXD:KY6zmMc7s2kYBaEPq9NTLy23qF6BXEQvM9agX5L2pgY",
    "expire_date": "2026-05-09T15:03:07.819Z"
  }
},
{
  "model": "sessions.session",
  "pk": "86tt20wqwurvxasdn69mc4i4se6opuc1",
  "fields": {
    "session_data": ".eJxVzMsOwiAQheF3YS1kKBQGl-59hmZgGFs1bdLLyvju2qQLXZ__Oy_V0bb23bbUuRtYnZU4SC161FiRtI_oNKUcNDaZxTMnlKJOvyxTedRxt3yn8TaZMo3rPGSzJ-ZYF3OduD4vR_t30NPSf3WuIBBdE0QoeIoIlYAgERFy8FacLRZSEy0yBOuKKy1iKgEiUmSv3h8A6UDL:1wFWjY:h9NA0l6j11SsxOjm2vzZ51xHCqzZ-0-RcH7P_TGNI-E",
    "expire_date": "2026-05-06T12:31:12.835Z"
  }
},
{
  "model": "sessions.session",
  "pk": "8f093n6qa7c4d9fmwqzvj1tk992ostms",
  "fields": {
    "session_data": ".eJxVzMsOwiAQheF3YS1kKBQGl-59hmZgGFs1bdLLyvju2qQLXZ__Oy_V0bb23bbUuRtYnZU4SC161FiRtI_oNKUcNDaZxTMnlKJOvyxTedRxt3yn8TaZMo3rPGSzJ-ZYF3OduD4vR_t30NPSf3WuIBBdE0QoeIoIlYAgERFy8FacLRZSEy0yBOuKKy1iKgEiUmSv3h8A6UDL:1wFrs6:YMlgoSkr1kLZffxHVd7MikIN77DwxIgtYo_8fsn-clQ",
    "expire_date": "2026-05-07T11:05:26.559Z"
  }
},
{
  "model": "sessions.session",
  "pk": "8qk7907uf9bbukra6g97y2jot671h514",
  "fields": {
    "session_data": ".eJxVzLsOwjAMheF3yUyjOk6TmpGdZ6jsxKEF1Eq9TIh3h0odYD7_d16m423tu23RuRuyORtsnYYmcBUYUuXZl4pBciWg4iQo1QHN6ZcJp4eOu813Hm-TTdO4zoPYPbHHutjrlPV5Odq_g56X_qslZmJKkCkkDz5iQJdcplhQtXDRDE4duZqAvJNUGIAoemzaGj2jeX8ALPFBDw:1wGsXr:3sK5EovehRYJqjmTiIqDqFwfXyc9KpsU6aHu9MM7iQI",
    "expire_date": "2026-05-10T06:00:43.842Z"
  }
},
{
  "model": "sessions.session",
  "pk": "8rxcwne3b78a90e4yjwa8oei0vqt61sq",
  "fields": {
    "session_data": ".eJxVzMsOwiAQheF3YS1kKBQGl-59hmZgGFs1bdLLyvju2qQLXZ__Oy_V0bb23bbUuRtYnZU4SC161FiRtI_oNKUcNDaZxTMnlKJOvyxTedRxt3yn8TaZMo3rPGSzJ-ZYF3OduD4vR_t30NPSf3WuIBBdE0QoeIoIlYAgERFy8FacLRZSEy0yBOuKKy1iKgEiUmSv3h8A6UDL:1wFlMA:tcmHZKyi1IFxHsSsYKINxy5e72IFv92zHbtPg_nyQ_k",
    "expire_date": "2026-05-07T04:08:02.638Z"
  }
},
{
  "model": "sessions.session",
  "pk": "9zq0662k9weumbdugqqdk3e55jnb3tdo",
  "fields": {
    "session_data": ".eJxVzDkOwjAURdG9uCaWHU_flPSsIfqDTQIokTJUiL0zKAXU7573UB1ua99tS5m7QdRRCQcvMZgmlugaXxkbSFiayBUZDRF7UYdfRsi3Mn7tFcfLpHka13kg_Un0vi76PEm5n_b276DHpX9razMYnytTyRLBWfKEBcAayAkkpWStaQ1IMOCc5-yIXSqtq1YCG6eeL367QRU:1wGuJS:3ElTYHcsSDgcE5VKSu-xQ-ipDNAkGePgDCPRw5pHNaY",
    "expire_date": "2026-05-10T07:53:58.032Z"
  }
},
{
  "model": "sessions.session",
  "pk": "auw16p64zbwz9rg0wcbprcbvut0j7ery",
  "fields": {
    "session_data": ".eJxVzMsOwiAQheF3YS1kKBQGl-59hmZgGFs1bdLLyvju2qQLXZ__Oy_V0bb23bbUuRtYnZU4SC161FiRtI_oNKUcNDaZxTMnlKJOvyxTedRxt3yn8TaZMo3rPGSzJ-ZYF3OduD4vR_t30NPSf3WuIBBdE0QoeIoIlYAgERFy8FacLRZSEy0yBOuKKy1iKgEiUmSv3h8A6UDL:1wFrm3:dMimwKAL5JNmVh1OZ2_kdG0bIaXvNj2FRp5qtHDfVag",
    "expire_date": "2026-05-07T10:59:11.103Z"
  }
},
{
  "model": "sessions.session",
  "pk": "b2z33j95bwmoejksxth8to447dq7b6cd",
  "fields": {
    "session_data": ".eJxVzMsOwiAQheF3YS1kKBQGl-59hmZgGFs1bdLLyvju2qQLXZ__Oy_V0bb23bbUuRtYnZU4SC161FiRtI_oNKUcNDaZxTMnlKJOvyxTedRxt3yn8TaZMo3rPGSzJ-ZYF3OduD4vR_t30NPSf3WuIBBdE0QoeIoIlYAgERFy8FacLRZSEy0yBOuKKy1iKgEiUmSv3h8A6UDL:1wGeX2:KFnKyegvKzwHwy0ktOI7xjaICuAF0dBPzU5SO5R-bgA",
    "expire_date": "2026-05-09T15:02:56.902Z"
  }
},
{
  "model": "sessions.session",
  "pk": "c1u2ikf2sb75aagu5gsdydo60yos91ft",
  "fields": {
    "session_data": ".eJxVzLsOwjAMheF3yUyjOk6TmpGdZ6jsxKEF1Eq9TIh3h0odYD7_d16m423tu23RuRuyORtsnYYmcBUYUuXZl4pBciWg4iQo1QHN6ZcJp4eOu813Hm-TTdO4zoPYPbHHutjrlPV5Odq_g56X_qslZmJKkCkkDz5iQJdcplhQtXDRDE4duZqAvJNUGIAoemzaGj2jeX8ALPFBDw:1wGEvA:b_t9pn2Hq-BEVoNzboA7fQWjy6bBu0th-0e9Zw9Pimo",
    "expire_date": "2026-05-08T11:42:08.210Z"
  }
},
{
  "model": "sessions.session",
  "pk": "c3r0ovieosevyb3lypoi2nvyg4x2336p",
  "fields": {
    "session_data": ".eJxVzLsOwjAMheF3yUyjOk6TmpGdZ6jsxKEF1Eq9TIh3h0odYD7_d16m423tu23RuRuyORtsnYYmcBUYUuXZl4pBciWg4iQo1QHN6ZcJp4eOu813Hm-TTdO4zoPYPbHHutjrlPV5Odq_g56X_qslZmJKkCkkDz5iQJdcplhQtXDRDE4duZqAvJNUGIAoemzaGj2jeX8ALPFBDw:1wGuJE:LFsv8t337o_9fjzZ0KWZwqTTX2JoTtfCk6AzkTme_Js",
    "expire_date": "2026-05-10T07:53:44.963Z"
  }
},
{
  "model": "sessions.session",
  "pk": "cz3z1j1nn4fzedjmcq2866pitvq46ghk",
  "fields": {
    "session_data": ".eJxVzMsOwiAQheF3YS1kKBQGl-59hmZgGFs1bdLLyvju2qQLXZ__Oy_V0bb23bbUuRtYnZU4SC161FiRtI_oNKUcNDaZxTMnlKJOvyxTedRxt3yn8TaZMo3rPGSzJ-ZYF3OduD4vR_t30NPSf3WuIBBdE0QoeIoIlYAgERFy8FacLRZSEy0yBOuKKy1iKgEiUmSv3h8A6UDL:1wFrhj:mLRBJcRZkEBGaOu8ancim66iXEJFXR_AEibOoXotfvc",
    "expire_date": "2026-05-07T10:54:43.345Z"
  }
},
{
  "model": "sessions.session",
  "pk": "dnl7ttfp9zg3aaw7jqbf38t4ide2d8r5",
  "fields": {
    "session_data": ".eJxVzLsOwjAMheF3yUyrOgkpZmTnGSLHdmigpFIvLIh3ByQW5vN_52mIedrqGh86l1xUot6pjOZYt3HcmUjbOsRt0TkWMUfjDlbDPlATCLjx5HNDkKRJoMmmoNgFZ_5YIr5p_Vq5Ur1MLU91nUtqv0n7W5f2PImOp1_7dzDQMnx06gUJGQQDe_C9C86yFeyzU82UVcCqRdshoLeJMwEg9t7tD53z5MzrDRBcTHU:1wG8e5:QzHCxoGye-34v1XcdhYuQnzWZ2XckuP76gllMJrXGVg",
    "expire_date": "2026-05-08T05:00:05.203Z"
  }
},
{
  "model": "sessions.session",
  "pk": "dybr7iqkallu2gyl49svza2on6dw04uw",
  "fields": {
    "session_data": ".eJxVzMsOwiAQheF3YS1kKBQGl-59hmZgGFs1bdLLyvju2qQLXZ__Oy_V0bb23bbUuRtYnZU4SC161FiRtI_oNKUcNDaZxTMnlKJOvyxTedRxt3yn8TaZMo3rPGSzJ-ZYF3OduD4vR_t30NPSf3WuIBBdE0QoeIoIlYAgERFy8FacLRZSEy0yBOuKKy1iKgEiUmSv3h8A6UDL:1wGciS:AejRffA0ppGtHRfUj4u_mvZ8EmSlg76u37XWq1HYiSg",
    "expire_date": "2026-05-09T13:06:36.441Z"
  }
},
{
  "model": "sessions.session",
  "pk": "e2pkmfok8jxd2acdf59g3eqwcw6kig5h",
  "fields": {
    "session_data": ".eJxVzMsOwiAQheF3YS1kKBQGl-59hmZgGFs1bdLLyvju2qQLXZ__Oy_V0bb23bbUuRtYnZU4SC161FiRtI_oNKUcNDaZxTMnlKJOvyxTedRxt3yn8TaZMo3rPGSzJ-ZYF3OduD4vR_t30NPSf3WuIBBdE0QoeIoIlYAgERFy8FacLRZSEy0yBOuKKy1iKgEiUmSv3h8A6UDL:1wGrur:_oWCw9hj1xsV7p_OUP5jVGLwvHng6_2ujA0AQABL-D8",
    "expire_date": "2026-05-10T05:20:25.717Z"
  }
},
{
  "model": "sessions.session",
  "pk": "eed3db6knv3xfi1gky37uab7mgeld608",
  "fields": {
    "session_data": ".eJxVzMsOwiAQheF3YS1kKBQGl-59hmZgGFs1bdLLyvju2qQLXZ__Oy_V0bb23bbUuRtYnZU4SC161FiRtI_oNKUcNDaZxTMnlKJOvyxTedRxt3yn8TaZMo3rPGSzJ-ZYF3OduD4vR_t30NPSf3WuIBBdE0QoeIoIlYAgERFy8FacLRZSEy0yBOuKKy1iKgEiUmSv3h8A6UDL:1wFW6m:zHEUBTZCIDO1Y2AH66mz4tK3LuRey0aYg12nRqZp14c",
    "expire_date": "2026-05-06T11:51:08.106Z"
  }
},
{
  "model": "sessions.session",
  "pk": "fesd2mnp3vkvakxirfmtpgbkdj4cnvbo",
  "fields": {
    "session_data": ".eJxVzMsOwiAQheF3YS1kKBQGl-59hmZgGFs1bdLLyvju2qQLXZ__Oy_V0bb23bbUuRtYnZU4SC161FiRtI_oNKUcNDaZxTMnlKJOvyxTedRxt3yn8TaZMo3rPGSzJ-ZYF3OduD4vR_t30NPSf3WuIBBdE0QoeIoIlYAgERFy8FacLRZSEy0yBOuKKy1iKgEiUmSv3h8A6UDL:1wGsTn:dzXNaTogToiC8PfBHsG_Bzp5F8TdO0zR3mVm-QqstWM",
    "expire_date": "2026-05-10T05:56:31.171Z"
  }
},
{
  "model": "sessions.session",
  "pk": "g4hl5cuz1ymdhy0j80z47fidoy68gvss",
  "fields": {
    "session_data": ".eJxVzLsOwjAMheF3yUyjOk6TmpGdZ6jsxKEF1Eq9TIh3h0odYD7_d16m423tu23RuRuyORtsnYYmcBUYUuXZl4pBciWg4iQo1QHN6ZcJp4eOu813Hm-TTdO4zoPYPbHHutjrlPV5Odq_g56X_qslZmJKkCkkDz5iQJdcplhQtXDRDE4duZqAvJNUGIAoemzaGj2jeX8ALPFBDw:1wGvLp:HwY_ECA4Z9eWUhSMnlFNO0t4iTSCcwizeNo4EJ6uYQQ",
    "expire_date": "2026-05-10T09:00:29.596Z"
  }
},
{
  "model": "sessions.session",
  "pk": "gngmvxs6qj6lkn17ej6zuny33u9llti5",
  "fields": {
    "session_data": ".eJxVzMsOwiAQheF3YS1kKBQGl-59hmZgGFs1bdLLyvju2qQLXZ__Oy_V0bb23bbUuRtYnZU4SC161FiRtI_oNKUcNDaZxTMnlKJOvyxTedRxt3yn8TaZMo3rPGSzJ-ZYF3OduD4vR_t30NPSf3WuIBBdE0QoeIoIlYAgERFy8FacLRZSEy0yBOuKKy1iKgEiUmSv3h8A6UDL:1wGrrT:zy4ECXwfGG98TW_xEkuGB9RHYLtnicY2GEQ2quOMpLc",
    "expire_date": "2026-05-10T05:16:55.654Z"
  }
},
{
  "model": "sessions.session",
  "pk": "h5t0dqdegbv1fat2yhbn5dimfn7slxu0",
  "fields": {
    "session_data": ".eJxVzMsOwiAQheF3YS1kKBQGl-59hmZgGFs1bdLLyvju2qQLXZ__Oy_V0bb23bbUuRtYnZU4SC161FiRtI_oNKUcNDaZxTMnlKJOvyxTedRxt3yn8TaZMo3rPGSzJ-ZYF3OduD4vR_t30NPSf3WuIBBdE0QoeIoIlYAgERFy8FacLRZSEy0yBOuKKy1iKgEiUmSv3h8A6UDL:1wFZTW:_EmIECuaTldNdsfdGCgjL1oTW_drwP0tTK3DdmtPch8",
    "expire_date": "2026-05-06T15:26:50.330Z"
  }
},
{
  "model": "sessions.session",
  "pk": "hlc17enc7hms1o1k6fn2uv3p2smp0n6g",
  "fields": {
    "session_data": ".eJxVjjkOwjAUBe_imli282x_U9JzhsjfC2FRImWpEHcnkVJA_WZG7y26uC59t85l6u5ZnEV1nKqqaDib3MAFasiSazw0WeUC4EmcfjWO6VmG3c2PONxGmcZhme4sd0Qe6yyvYy6vy8H-Bfo495tNruUCg6ARrVWZk3GedBuyRWBdQRwQQdsTZaO3KK41NWuLCgWG-HwBbG0_Kw:1wGV29:-6i46cuziihPm185yfNru3yXnGBwBor8-7c00ze9hNQ",
    "expire_date": "2026-05-09T04:54:25.973Z"
  }
},
{
  "model": "sessions.session",
  "pk": "hnh7c315oiw5o6tpwx262sg6f8yyb02k",
  "fields": {
    "session_data": ".eJxVzDkOwjAURdG9uCaWHU_flPSsIfqDTQIokTJUiL0zKAXU7573UB1ua99tS5m7QdRRCQcvMZgmlugaXxkbSFiayBUZDRF7UYdfRsi3Mn7tFcfLpHka13kg_Un0vi76PEm5n_b276DHpX9razMYnytTyRLBWfKEBcAayAkkpWStaQ1IMOCc5-yIXSqtq1YCG6eeL367QRU:1wGweC:iWg-W1FTnceqnVO-FSPmS5QuG56fgScmh_8ItBsklI8",
    "expire_date": "2026-05-10T10:23:32.645Z"
  }
},
{
  "model": "sessions.session",
  "pk": "hzqsoosg1y8bpzhbiqeezd45x6hgtq31",
  "fields": {
    "session_data": ".eJxVzMsOwiAQheF3YS1kKBQGl-59hmZgGFs1bdLLyvju2qQLXZ__Oy_V0bb23bbUuRtYnZU4SC161FiRtI_oNKUcNDaZxTMnlKJOvyxTedRxt3yn8TaZMo3rPGSzJ-ZYF3OduD4vR_t30NPSf3WuIBBdE0QoeIoIlYAgERFy8FacLRZSEy0yBOuKKy1iKgEiUmSv3h8A6UDL:1wGeoK:kFp_G_CP8oEoREtzh13ExA4a0S-JuyoIiyDAn04TaC8",
    "expire_date": "2026-05-09T15:20:48.164Z"
  }
},
{
  "model": "sessions.session",
  "pk": "i5yrflizd2wxcngayxpaj6jwan0n22nr",
  "fields": {
    "session_data": ".eJxVzLsOwjAMheF3yUyjOk6TmpGdZ6jsxKEF1Eq9TIh3h0odYD7_d16m423tu23RuRuyORtsnYYmcBUYUuXZl4pBciWg4iQo1QHN6ZcJp4eOu813Hm-TTdO4zoPYPbHHutjrlPV5Odq_g56X_qslZmJKkCkkDz5iQJdcplhQtXDRDE4duZqAvJNUGIAoemzaGj2jeX8ALPFBDw:1wGrrx:A3xnJuH4lcSiT5gsxtu8YT9MdrTOFlrTRh5nNU_k_-c",
    "expire_date": "2026-05-10T05:17:25.047Z"
  }
},
{
  "model": "sessions.session",
  "pk": "i87xz4vbme0trlobjx0bk1lfzu8an0m4",
  "fields": {
    "session_data": ".eJxVzMsOwiAQheF3YS1kKBQGl-59hmZgGFs1bdLLyvju2qQLXZ__Oy_V0bb23bbUuRtYnZU4SC161FiRtI_oNKUcNDaZxTMnlKJOvyxTedRxt3yn8TaZMo3rPGSzJ-ZYF3OduD4vR_t30NPSf3WuIBBdE0QoeIoIlYAgERFy8FacLRZSEy0yBOuKKy1iKgEiUmSv3h8A6UDL:1wFW6A:fntpvLbv-AYz0ypXPbKjtobSa5edi9uKbbu_cVEW-EE",
    "expire_date": "2026-05-06T11:50:30.588Z"
  }
},
{
  "model": "sessions.session",
  "pk": "il05dd33cnbn6hezi3txf7isftih6t8v",
  "fields": {
    "session_data": ".eJxVzMsOwiAQheF3YS1kKBQGl-59hmZgGFs1bdLLyvju2qQLXZ__Oy_V0bb23bbUuRtYnZU4SC161FiRtI_oNKUcNDaZxTMnlKJOvyxTedRxt3yn8TaZMo3rPGSzJ-ZYF3OduD4vR_t30NPSf3WuIBBdE0QoeIoIlYAgERFy8FacLRZSEy0yBOuKKy1iKgEiUmSv3h8A6UDL:1wGesY:rypRVdA3POhy4sqxlyJLzeYtfrZmueTqAGtT8o_x-5Q",
    "expire_date": "2026-05-09T15:25:10.485Z"
  }
},
{
  "model": "sessions.session",
  "pk": "jeb3t4a6rxv2yfmlfymnse25a3pil58y",
  "fields": {
    "session_data": ".eJxVzMsOwiAQheF3YS1kKBQGl-59hmZgGFs1bdLLyvju2qQLXZ__Oy_V0bb23bbUuRtYnZU4SC161FiRtI_oNKUcNDaZxTMnlKJOvyxTedRxt3yn8TaZMo3rPGSzJ-ZYF3OduD4vR_t30NPSf3WuIBBdE0QoeIoIlYAgERFy8FacLRZSEy0yBOuKKy1iKgEiUmSv3h8A6UDL:1wGwvC:hgq7rojXOYVPOT4WwDEhyV-qL_MRThGRYKCwo-ru2Po",
    "expire_date": "2026-05-10T10:41:06.123Z"
  }
},
{
  "model": "sessions.session",
  "pk": "jfki0pgdw0zaxwjebq8ip68bnzs9z9zk",
  "fields": {
    "session_data": ".eJxVzLsOwjAMheF3yUyjOk6TmpGdZ6jsxKEF1Eq9TIh3h0odYD7_d16m423tu23RuRuyORtsnYYmcBUYUuXZl4pBciWg4iQo1QHN6ZcJp4eOu813Hm-TTdO4zoPYPbHHutjrlPV5Odq_g56X_qslZmJKkCkkDz5iQJdcplhQtXDRDE4duZqAvJNUGIAoemzaGj2jeX8ALPFBDw:1wGhNx:xN7P_r84R-SRiStaP7sH7VaUFVwMrhW0EyOJQClv-Xg",
    "expire_date": "2026-05-09T18:05:45.620Z"
  }
},
{
  "model": "sessions.session",
  "pk": "jfxl3s1oqzir4c28dwslqivdq5sxivfr",
  "fields": {
    "session_data": ".eJxVzMsOwiAQheF3YS1kKBQGl-59hmZgGFs1bdLLyvju2qQLXZ__Oy_V0bb23bbUuRtYnZU4SC161FiRtI_oNKUcNDaZxTMnlKJOvyxTedRxt3yn8TaZMo3rPGSzJ-ZYF3OduD4vR_t30NPSf3WuIBBdE0QoeIoIlYAgERFy8FacLRZSEy0yBOuKKy1iKgEiUmSv3h8A6UDL:1wFZTe:sexAz9K8MiOprFR068wIMbD6QgqC-hH5QLnG_tMmXAc",
    "expire_date": "2026-05-06T15:26:58.908Z"
  }
},
{
  "model": "sessions.session",
  "pk": "jhho5tslkeyh6597kh57dl6t4t4ipmob",
  "fields": {
    "session_data": ".eJxVzDkOwjAURdG9uCaWHU_flPSsIfqDTQIokTJUiL0zKAXU7573UB1ua99tS5m7QdRRCQcvMZgmlugaXxkbSFiayBUZDRF7UYdfRsi3Mn7tFcfLpHka13kg_Un0vi76PEm5n_b276DHpX9razMYnytTyRLBWfKEBcAayAkkpWStaQ1IMOCc5-yIXSqtq1YCG6eeL367QRU:1wGsLL:MkucoZ-g-GhfoGt-mRXRgOuQOvSNcAqVBAhE5OB-UMc",
    "expire_date": "2026-05-10T05:47:47.139Z"
  }
},
{
  "model": "sessions.session",
  "pk": "jsvxjydaxbtl99toc5j4a0yn25p461pw",
  "fields": {
    "session_data": ".eJxVzLsOwjAMheF3yUyjOk6TmpGdZ6jsxKEF1Eq9TIh3h0odYD7_d16m423tu23RuRuyORtsnYYmcBUYUuXZl4pBciWg4iQo1QHN6ZcJp4eOu813Hm-TTdO4zoPYPbHHutjrlPV5Odq_g56X_qslZmJKkCkkDz5iQJdcplhQtXDRDE4duZqAvJNUGIAoemzaGj2jeX8ALPFBDw:1wGAUk:HAHMLYXoB4rk6nmGoqbJBfTlUkITH_MsCMuAo_uKHUM",
    "expire_date": "2026-05-08T06:58:34.508Z"
  }
},
{
  "model": "sessions.session",
  "pk": "k03y5iei8vy92qqhzmoz07p7byk8ljrh",
  "fields": {
    "session_data": ".eJxVzMsOwiAQheF3YS1kKBQGl-59hmZgGFs1bdLLyvju2qQLXZ__Oy_V0bb23bbUuRtYnZU4SC161FiRtI_oNKUcNDaZxTMnlKJOvyxTedRxt3yn8TaZMo3rPGSzJ-ZYF3OduD4vR_t30NPSf3WuIBBdE0QoeIoIlYAgERFy8FacLRZSEy0yBOuKKy1iKgEiUmSv3h8A6UDL:1wFrod:1XYMyyfKjW27BQzZluGzultHE-mzb75TWKwvt6NazJQ",
    "expire_date": "2026-05-07T11:01:51.062Z"
  }
},
{
  "model": "sessions.session",
  "pk": "k6dawaffr2xfh8ex15l5ageis6hohs7s",
  "fields": {
    "session_data": ".eJxVzMsOwiAQheF3YS1kKBQGl-59hmZgGFs1bdLLyvju2qQLXZ__Oy_V0bb23bbUuRtYnZU4SC161FiRtI_oNKUcNDaZxTMnlKJOvyxTedRxt3yn8TaZMo3rPGSzJ-ZYF3OduD4vR_t30NPSf3WuIBBdE0QoeIoIlYAgERFy8FacLRZSEy0yBOuKKy1iKgEiUmSv3h8A6UDL:1wGcek:54gck38E5NdPxYEM-5U7YbNYfKu7hsEhNjtbeV_Ph2M",
    "expire_date": "2026-05-09T13:02:46.867Z"
  }
},
{
  "model": "sessions.session",
  "pk": "lhdmpy1q05aduks55pjhga5cmbv9g5zd",
  "fields": {
    "session_data": ".eJxVzMsOwiAQheF3YS1kKBQGl-59hmZgGFs1bdLLyvju2qQLXZ__Oy_V0bb23bbUuRtYnZU4SC161FiRtI_oNKUcNDaZxTMnlKJOvyxTedRxt3yn8TaZMo3rPGSzJ-ZYF3OduD4vR_t30NPSf3WuIBBdE0QoeIoIlYAgERFy8FacLRZSEy0yBOuKKy1iKgEiUmSv3h8A6UDL:1wFZV9:Iv3up0KGoke2CP4E1ZwD7jWh4tsUFY0nbS97V8Z1334",
    "expire_date": "2026-05-06T15:28:31.701Z"
  }
},
{
  "model": "sessions.session",
  "pk": "lz67gxxfreqvmbtmlkoy9dcolwom5d5r",
  "fields": {
    "session_data": ".eJxVzMsOwiAQheF3YS1kKBQGl-59hmZgGFs1bdLLyvju2qQLXZ__Oy_V0bb23bbUuRtYnZU4SC161FiRtI_oNKUcNDaZxTMnlKJOvyxTedRxt3yn8TaZMo3rPGSzJ-ZYF3OduD4vR_t30NPSf3WuIBBdE0QoeIoIlYAgERFy8FacLRZSEy0yBOuKKy1iKgEiUmSv3h8A6UDL:1wFux2:U-zz5H-7wwou_D45rSsSKe273vBVTdWmInUUCE3tzKY",
    "expire_date": "2026-05-07T14:22:44.500Z"
  }
},
{
  "model": "sessions.session",
  "pk": "m3y31vk2xbotvvngop1v0hrshgxy8uiw",
  "fields": {
    "session_data": ".eJxVzLsOwjAMheF3yUyjOk6TmpGdZ6jsxKEF1Eq9TIh3h0odYD7_d16m423tu23RuRuyORtsnYYmcBUYUuXZl4pBciWg4iQo1QHN6ZcJp4eOu813Hm-TTdO4zoPYPbHHutjrlPV5Odq_g56X_qslZmJKkCkkDz5iQJdcplhQtXDRDE4duZqAvJNUGIAoemzaGj2jeX8ALPFBDw:1wGs4X:sjd7TK8cDX6FH4_bJVePQEiT4vBqZBge45wAsD4kvT4",
    "expire_date": "2026-05-10T05:30:25.467Z"
  }
},
{
  "model": "sessions.session",
  "pk": "mol28db3ww3sf7029rltfpk66gqppb6v",
  "fields": {
    "session_data": ".eJxVzMsOwiAQheF3YS1kKBQGl-59hmZgGFs1bdLLyvju2qQLXZ__Oy_V0bb23bbUuRtYnZU4SC161FiRtI_oNKUcNDaZxTMnlKJOvyxTedRxt3yn8TaZMo3rPGSzJ-ZYF3OduD4vR_t30NPSf3WuIBBdE0QoeIoIlYAgERFy8FacLRZSEy0yBOuKKy1iKgEiUmSv3h8A6UDL:1wFl2i:RjSbZ4tcryJxd1_yPqq5LJzIAdZDkUlOZt7f5OqbjQw",
    "expire_date": "2026-05-07T03:47:56.915Z"
  }
},
{
  "model": "sessions.session",
  "pk": "mrq0w4ebu6l9lhzoxjj5vor61rl4962o",
  "fields": {
    "session_data": ".eJxVzMsOwiAQheF3YS1kKBQGl-59hmZgGFs1bdLLyvju2qQLXZ__Oy_V0bb23bbUuRtYnZU4SC161FiRtI_oNKUcNDaZxTMnlKJOvyxTedRxt3yn8TaZMo3rPGSzJ-ZYF3OduD4vR_t30NPSf3WuIBBdE0QoeIoIlYAgERFy8FacLRZSEy0yBOuKKy1iKgEiUmSv3h8A6UDL:1wGAVD:AJMXfSEjjINXaQ1Kex99LjeY5S257SSrbz5FxMNejCQ",
    "expire_date": "2026-05-08T06:59:03.469Z"
  }
},
{
  "model": "sessions.session",
  "pk": "n45qlansjcojq4k0k8xuqkaw9h5o0f9r",
  "fields": {
    "session_data": ".eJxVzMsOwiAQheF3YS1kKBQGl-59hmZgGFs1bdLLyvju2qQLXZ__Oy_V0bb23bbUuRtYnZU4SC161FiRtI_oNKUcNDaZxTMnlKJOvyxTedRxt3yn8TaZMo3rPGSzJ-ZYF3OduD4vR_t30NPSf3WuIBBdE0QoeIoIlYAgERFy8FacLRZSEy0yBOuKKy1iKgEiUmSv3h8A6UDL:1wFrj7:kxwvtq-28jKEsvlV87QAH6JI7KY9msSAGZNYIRbd-Nc",
    "expire_date": "2026-05-07T10:56:09.847Z"
  }
},
{
  "model": "sessions.session",
  "pk": "namb24id6l7cyyq166t2hejpsmdxkasg",
  "fields": {
    "session_data": ".eJxVzMsOwiAQheF3YS1kKBQGl-59hmZgGFs1bdLLyvju2qQLXZ__Oy_V0bb23bbUuRtYnZU4SC161FiRtI_oNKUcNDaZxTMnlKJOvyxTedRxt3yn8TaZMo3rPGSzJ-ZYF3OduD4vR_t30NPSf3WuIBBdE0QoeIoIlYAgERFy8FacLRZSEy0yBOuKKy1iKgEiUmSv3h8A6UDL:1wGvEK:kR5GlWQRGP34RKbZD1ZQrK6w3XySmv5M9GbDE4tTSns",
    "expire_date": "2026-05-10T08:52:44.722Z"
  }
},
{
  "model": "sessions.session",
  "pk": "nk8v8qppx4lzgbofu3q63z1gab98p9on",
  "fields": {
    "session_data": ".eJxVzLsOwjAMheF3yUyjOk6TmpGdZ6jsxKEF1Eq9TIh3h0odYD7_d16m423tu23RuRuyORtsnYYmcBUYUuXZl4pBciWg4iQo1QHN6ZcJp4eOu813Hm-TTdO4zoPYPbHHutjrlPV5Odq_g56X_qslZmJKkCkkDz5iQJdcplhQtXDRDE4duZqAvJNUGIAoemzaGj2jeX8ALPFBDw:1wGyny:plpPqatJ-lWjl68woFbCsXfZBoxqXvY6dzHxzDkj2VU",
    "expire_date": "2026-05-10T12:41:46.796Z"
  }
},
{
  "model": "sessions.session",
  "pk": "nn2bg7jl4p1qmd2ntpl6vz2okgk3b57r",
  "fields": {
    "session_data": ".eJxVzLsOwjAMheF3yUyjOk6TmpGdZ6jsxKEF1Eq9TIh3h0odYD7_d16m423tu23RuRuyORtsnYYmcBUYUuXZl4pBciWg4iQo1QHN6ZcJp4eOu813Hm-TTdO4zoPYPbHHutjrlPV5Odq_g56X_qslZmJKkCkkDz5iQJdcplhQtXDRDE4duZqAvJNUGIAoemzaGj2jeX8ALPFBDw:1wGHIJ:kcvorsMQ-tnT5MsvSSEClhmuJoUvxgRtfoPrkmPM_4o",
    "expire_date": "2026-05-08T14:14:11.341Z"
  }
},
{
  "model": "sessions.session",
  "pk": "nx6o8lc5ws2nluuqt9ur70o3wprwqpem",
  "fields": {
    "session_data": ".eJxVzMsOwiAQheF3YS1kKBQGl-59hmZgGFs1bdLLyvju2qQLXZ__Oy_V0bb23bbUuRtYnZU4SC161FiRtI_oNKUcNDaZxTMnlKJOvyxTedRxt3yn8TaZMo3rPGSzJ-ZYF3OduD4vR_t30NPSf3WuIBBdE0QoeIoIlYAgERFy8FacLRZSEy0yBOuKKy1iKgEiUmSv3h8A6UDL:1wFuli:WCSIj1Gwx4Lw1Rb2d0ao2G25UfotulvKWkS6Kj5-xdg",
    "expire_date": "2026-05-07T14:11:02.690Z"
  }
},
{
  "model": "sessions.session",
  "pk": "pgwi4x1edjmzk1tk5htodntdc1ymykbg",
  "fields": {
    "session_data": ".eJxVzDkOwjAURdG9uCaWHU_flPSsIfqDTQIokTJUiL0zKAXU7573UB1ua99tS5m7QdRRCQcvMZgmlugaXxkbSFiayBUZDRF7UYdfRsi3Mn7tFcfLpHka13kg_Un0vi76PEm5n_b276DHpX9razMYnytTyRLBWfKEBcAayAkkpWStaQ1IMOCc5-yIXSqtq1YCG6eeL367QRU:1wGrpR:KF41zsvA2DWYhoA-kLg-MpxIWMvelIiVtQVcfkWRBfc",
    "expire_date": "2026-05-10T05:14:49.068Z"
  }
},
{
  "model": "sessions.session",
  "pk": "qhg5mi2d2qcxshxiqjbksgi8r7tzuj4k",
  "fields": {
    "session_data": ".eJxVzMsOwiAQheF3YS1kKBQGl-59hmZgGFs1bdLLyvju2qQLXZ__Oy_V0bb23bbUuRtYnZU4SC161FiRtI_oNKUcNDaZxTMnlKJOvyxTedRxt3yn8TaZMo3rPGSzJ-ZYF3OduD4vR_t30NPSf3WuIBBdE0QoeIoIlYAgERFy8FacLRZSEy0yBOuKKy1iKgEiUmSv3h8A6UDL:1wGEvY:uVIvQ_CKBAlythFGvPSJBjxmN89w25R-d4vh25wYe0Y",
    "expire_date": "2026-05-08T11:42:32.123Z"
  }
},
{
  "model": "sessions.session",
  "pk": "qk2wbel7m662i2porit5uuvj7q9kt40e",
  "fields": {
    "session_data": ".eJxVzMsOwiAQheF3YS1kKBQGl-59hmZgGFs1bdLLyvju2qQLXZ__Oy_V0bb23bbUuRtYnZU4SC161FiRtI_oNKUcNDaZxTMnlKJOvyxTedRxt3yn8TaZMo3rPGSzJ-ZYF3OduD4vR_t30NPSf3WuIBBdE0QoeIoIlYAgERFy8FacLRZSEy0yBOuKKy1iKgEiUmSv3h8A6UDL:1wGG1C:AyaLr2nM7PuINEFWi9JRFmi5VPRhZF1jLE7GK1OfDM4",
    "expire_date": "2026-05-08T12:52:26.080Z"
  }
},
{
  "model": "sessions.session",
  "pk": "rjjw7yeaikwpnyh3berfu63udm0yca1m",
  "fields": {
    "session_data": ".eJxVzMsOwiAQheF3YS1kKBQGl-59hmZgGFs1bdLLyvju2qQLXZ__Oy_V0bb23bbUuRtYnZU4SC161FiRtI_oNKUcNDaZxTMnlKJOvyxTedRxt3yn8TaZMo3rPGSzJ-ZYF3OduD4vR_t30NPSf3WuIBBdE0QoeIoIlYAgERFy8FacLRZSEy0yBOuKKy1iKgEiUmSv3h8A6UDL:1wGcsm:luoDAIX67tsxaiaNLfxa6tOtHqADoJMUlj0ocwyYpic",
    "expire_date": "2026-05-09T13:17:16.583Z"
  }
},
{
  "model": "sessions.session",
  "pk": "rmipsuyzowwryufekq0ufbahx24wpaef",
  "fields": {
    "session_data": ".eJxVzLsOwjAMheF3yUyjOk6TmpGdZ6jsxKEF1Eq9TIh3h0odYD7_d16m423tu23RuRuyORtsnYYmcBUYUuXZl4pBciWg4iQo1QHN6ZcJp4eOu813Hm-TTdO4zoPYPbHHutjrlPV5Odq_g56X_qslZmJKkCkkDz5iQJdcplhQtXDRDE4duZqAvJNUGIAoemzaGj2jeX8ALPFBDw:1wGciu:hX25hbdm3J9_FZABOm_VmNea7lrkTB5sAn0gDb9mVoA",
    "expire_date": "2026-05-09T13:07:04.799Z"
  }
},
{
  "model": "sessions.session",
  "pk": "rsvawr1t2lgv9ijc867kpmypuy9by0xe",
  "fields": {
    "session_data": ".eJxVzMsOwiAQheF3YS1kKBQGl-59hmZgGFs1bdLLyvju2qQLXZ__Oy_V0bb23bbUuRtYnZU4SC161FiRtI_oNKUcNDaZxTMnlKJOvyxTedRxt3yn8TaZMo3rPGSzJ-ZYF3OduD4vR_t30NPSf3WuIBBdE0QoeIoIlYAgERFy8FacLRZSEy0yBOuKKy1iKgEiUmSv3h8A6UDL:1wFs4N:R4uCgPyhpVOLj_8Qw0Iiz3cAyZbYiE10b4QK9o979xw",
    "expire_date": "2026-05-07T11:18:07.652Z"
  }
},
{
  "model": "sessions.session",
  "pk": "ryc7u8nsy8ufu6694u0h0zpymqbr1j61",
  "fields": {
    "session_data": ".eJxVzLsOwjAMheF3yUyjOk6TmpGdZ6jsxKEF1Eq9TIh3h0odYD7_d16m423tu23RuRuyORtsnYYmcBUYUuXZl4pBciWg4iQo1QHN6ZcJp4eOu813Hm-TTdO4zoPYPbHHutjrlPV5Odq_g56X_qslZmJKkCkkDz5iQJdcplhQtXDRDE4duZqAvJNUGIAoemzaGj2jeX8ALPFBDw:1wGf7X:TX1gYAm5ZqQl4JKj-3c5fQmWBpasqKcMG0Me0Uc9idE",
    "expire_date": "2026-05-09T15:40:39.449Z"
  }
},
{
  "model": "sessions.session",
  "pk": "s2t94ayze87xq8i3nl4ocv3dzlryxijq",
  "fields": {
    "session_data": ".eJxVzMsOwiAQheF3YS1kKBQGl-59hmZgGFs1bdLLyvju2qQLXZ__Oy_V0bb23bbUuRtYnZU4SC161FiRtI_oNKUcNDaZxTMnlKJOvyxTedRxt3yn8TaZMo3rPGSzJ-ZYF3OduD4vR_t30NPSf3WuIBBdE0QoeIoIlYAgERFy8FacLRZSEy0yBOuKKy1iKgEiUmSv3h8A6UDL:1wFWjg:N6yVYr0svrYpJGQLdK98v0k4x3NPY1DJfadeG_YuDm8",
    "expire_date": "2026-05-06T12:31:20.094Z"
  }
},
{
  "model": "sessions.session",
  "pk": "tqpbbtu5q26txsgjcfg4luab0s6bcf5d",
  "fields": {
    "session_data": ".eJxVzLsOwjAMheF3yUyjOk6TmpGdZ6jsxKEF1Eq9TIh3h0odYD7_d16m423tu23RuRuyORtsnYYmcBUYUuXZl4pBciWg4iQo1QHN6ZcJp4eOu813Hm-TTdO4zoPYPbHHutjrlPV5Odq_g56X_qslZmJKkCkkDz5iQJdcplhQtXDRDE4duZqAvJNUGIAoemzaGj2jeX8ALPFBDw:1wGh3S:fggVQwg5TsQJujiZwkIvmuX1S_OnLi5ea6q2B7puV8w",
    "expire_date": "2026-05-09T17:44:34.442Z"
  }
},
{
  "model": "sessions.session",
  "pk": "tuphsc0oavr1f8jzy8sjdv7e1hfecd5j",
  "fields": {
    "session_data": ".eJxVzMsOwiAQheF3YS1kKBQGl-59hmZgGFs1bdLLyvju2qQLXZ__Oy_V0bb23bbUuRtYnZU4SC161FiRtI_oNKUcNDaZxTMnlKJOvyxTedRxt3yn8TaZMo3rPGSzJ-ZYF3OduD4vR_t30NPSf3WuIBBdE0QoeIoIlYAgERFy8FacLRZSEy0yBOuKKy1iKgEiUmSv3h8A6UDL:1wGyUR:x2STpKnL6_F4dBF_h0G0ccjKHIp9t_KoyzIKidMd03M",
    "expire_date": "2026-05-10T12:21:35.257Z"
  }
},
{
  "model": "sessions.session",
  "pk": "ujldjz012xw9wmlt8ax87uefr47yyg55",
  "fields": {
    "session_data": ".eJxVzDsOwjAQRdG9uMbW-Bd7KOlZQzT2TEgAJVI-FWLvKCgF1O-e91ItbWvfbovM7cDqrDhzALCibeqcDjGJRsdeBy5YuEsQE6rTLytUHzJ-7Z3G22TqNK7zUMyemGNdzHVieV6O9u-gp6XftaOIrjQeAbIACWAlF8RZLg2jDb4mFIy5MnQC7Ck7qpxyrEEkkHp_ANpCQXo:1wG8bZ:KKViA7ofcr30WwpaWbdq0v6wjyUvY0xe53XE_XbwUcs",
    "expire_date": "2026-05-08T04:57:29.493Z"
  }
},
{
  "model": "sessions.session",
  "pk": "usxnso8vkgwecx8gud3xzakkfpzs9hik",
  "fields": {
    "session_data": ".eJxVzMsOwiAQheF3YS1kKBQGl-59hmZgGFs1bdLLyvju2qQLXZ__Oy_V0bb23bbUuRtYnZU4SC161FiRtI_oNKUcNDaZxTMnlKJOvyxTedRxt3yn8TaZMo3rPGSzJ-ZYF3OduD4vR_t30NPSf3WuIBBdE0QoeIoIlYAgERFy8FacLRZSEy0yBOuKKy1iKgEiUmSv3h8A6UDL:1wGh6F:N3mVJlnvGR-d26IZ0mDdyQ5pWB-08k4wJ6o9AJAxAdo",
    "expire_date": "2026-05-09T17:47:27.798Z"
  }
},
{
  "model": "sessions.session",
  "pk": "ut2b0nhv5kaa5xwslqdh6hzlkbxwy0jr",
  "fields": {
    "session_data": ".eJxVzMsOwiAQheF3YS1kKBQGl-59hmZgGFs1bdLLyvju2qQLXZ__Oy_V0bb23bbUuRtYnZU4SC161FiRtI_oNKUcNDaZxTMnlKJOvyxTedRxt3yn8TaZMo3rPGSzJ-ZYF3OduD4vR_t30NPSf3WuIBBdE0QoeIoIlYAgERFy8FacLRZSEy0yBOuKKy1iKgEiUmSv3h8A6UDL:1wGf3L:d5R_Pv2d6e2XsdDDyicVBMAAk2hQSRiE7tu8YgDdMgQ",
    "expire_date": "2026-05-09T15:36:19.276Z"
  }
},
{
  "model": "sessions.session",
  "pk": "uwe2lqislr5oa8x11i57ovfd6jsszjye",
  "fields": {
    "session_data": ".eJxVzLsOwjAMheF3yUyjOk6TmpGdZ6jsxKEF1Eq9TIh3h0odYD7_d16m423tu23RuRuyORtsnYYmcBUYUuXZl4pBciWg4iQo1QHN6ZcJp4eOu813Hm-TTdO4zoPYPbHHutjrlPV5Odq_g56X_qslZmJKkCkkDz5iQJdcplhQtXDRDE4duZqAvJNUGIAoemzaGj2jeX8ALPFBDw:1wGHKC:J9kkgTcxFJHxwqRGP1VcPKdXkpoM7RJrI6oiressjpc",
    "expire_date": "2026-05-08T14:16:08.503Z"
  }
},
{
  "model": "sessions.session",
  "pk": "vd8u0uogh6kxtw7daylqkz1ijddy57dp",
  "fields": {
    "session_data": ".eJxVzMsOwiAQheF3YS1kKBQGl-59hmZgGFs1bdLLyvju2qQLXZ__Oy_V0bb23bbUuRtYnZU4SC161FiRtI_oNKUcNDaZxTMnlKJOvyxTedRxt3yn8TaZMo3rPGSzJ-ZYF3OduD4vR_t30NPSf3WuIBBdE0QoeIoIlYAgERFy8FacLRZSEy0yBOuKKy1iKgEiUmSv3h8A6UDL:1wGHJA:j9qD7PNvpAdnqJPAbrhOacEMVpkcZbpfxmcU9hxj3k0",
    "expire_date": "2026-05-08T14:15:04.920Z"
  }
},
{
  "model": "sessions.session",
  "pk": "vyc3sa0ezwroinesy2iywth2s602olgw",
  "fields": {
    "session_data": ".eJxVzMsOwiAQheF3YS1kKBQGl-59hmZgGFs1bdLLyvju2qQLXZ__Oy_V0bb23bbUuRtYnZU4SC161FiRtI_oNKUcNDaZxTMnlKJOvyxTedRxt3yn8TaZMo3rPGSzJ-ZYF3OduD4vR_t30NPSf3WuIBBdE0QoeIoIlYAgERFy8FacLRZSEy0yBOuKKy1iKgEiUmSv3h8A6UDL:1wFl1v:desDjafl3CoBL9jGqsHV9cwTHt08_tHg07Ds1bwWftY",
    "expire_date": "2026-05-07T03:47:07.095Z"
  }
},
{
  "model": "sessions.session",
  "pk": "wo8c8dsjv1xa9t4r0gv5bsmb6go5rswt",
  "fields": {
    "session_data": ".eJxVzMsOwiAQheF3YS1kKBQGl-59hmZgGFs1bdLLyvju2qQLXZ__Oy_V0bb23bbUuRtYnZU4SC161FiRtI_oNKUcNDaZxTMnlKJOvyxTedRxt3yn8TaZMo3rPGSzJ-ZYF3OduD4vR_t30NPSf3WuIBBdE0QoeIoIlYAgERFy8FacLRZSEy0yBOuKKy1iKgEiUmSv3h8A6UDL:1wGtPI:8IZ2XPYsmow4Qlfk8pVcAF2HV0h6PPZnXZHZOQVI2ig",
    "expire_date": "2026-05-10T06:55:56.598Z"
  }
},
{
  "model": "sessions.session",
  "pk": "wozbxnacsjx17rsjyp39vu8sdey6c991",
  "fields": {
    "session_data": ".eJxVzMsOwiAQheF3YS1kKBQGl-59hmZgGFs1bdLLyvju2qQLXZ__Oy_V0bb23bbUuRtYnZU4SC161FiRtI_oNKUcNDaZxTMnlKJOvyxTedRxt3yn8TaZMo3rPGSzJ-ZYF3OduD4vR_t30NPSf3WuIBBdE0QoeIoIlYAgERFy8FacLRZSEy0yBOuKKy1iKgEiUmSv3h8A6UDL:1wFWfb:Bpjo_LLfaRW-OctFtKW4boISjVpLBTnsGPqCakKPCF8",
    "expire_date": "2026-05-06T12:27:07.643Z"
  }
},
{
  "model": "sessions.session",
  "pk": "wzmd7rhn88244kd95jxe12wacz04iyac",
  "fields": {
    "session_data": ".eJxVjjkOwjAUBe_imli282x_U9JzhsjfC2FRImWpEHcnkVJA_WZG7y26uC59t85l6u5ZnEV1nKqqaDib3MAFasiSazw0WeUC4EmcfjWO6VmG3c2PONxGmcZhme4sd0Qe6yyvYy6vy8H-Bfo495tNruUCg6ARrVWZk3GedBuyRWBdQRwQQdsTZaO3KK41NWuLCgWG-HwBbG0_Kw:1wGV2t:WNU_BsZ34KavXpuY53T-kAxxlT23sD6C9rD4lmFuP5o",
    "expire_date": "2026-05-09T04:55:11.504Z"
  }
},
{
  "model": "sessions.session",
  "pk": "xciw75whw4mitdg55na8a6dlmr6eazeb",
  "fields": {
    "session_data": ".eJxVzMsOwiAQheF3YS1kKBQGl-59hmZgGFs1bdLLyvju2qQLXZ__Oy_V0bb23bbUuRtYnZU4SC161FiRtI_oNKUcNDaZxTMnlKJOvyxTedRxt3yn8TaZMo3rPGSzJ-ZYF3OduD4vR_t30NPSf3WuIBBdE0QoeIoIlYAgERFy8FacLRZSEy0yBOuKKy1iKgEiUmSv3h8A6UDL:1wGeoA:m5ibNJmk3LAzxxKonCBO8VLZaA2zsEB-RBoBzm-4744",
    "expire_date": "2026-05-09T15:20:38.003Z"
  }
},
{
  "model": "sessions.session",
  "pk": "xn0c2zpvctfm29xk7vw1cmf4m1aisp8s",
  "fields": {
    "session_data": ".eJxVzMsOwiAQheF3YS1kKBQGl-59hmZgGFs1bdLLyvju2qQLXZ__Oy_V0bb23bbUuRtYnZU4SC161FiRtI_oNKUcNDaZxTMnlKJOvyxTedRxt3yn8TaZMo3rPGSzJ-ZYF3OduD4vR_t30NPSf3WuIBBdE0QoeIoIlYAgERFy8FacLRZSEy0yBOuKKy1iKgEiUmSv3h8A6UDL:1wGH0x:fQJGBU5IigRfwlhRmEgjal3LyV116-1aJeNvwgh2J94",
    "expire_date": "2026-05-08T13:56:15.516Z"
  }
},
{
  "model": "sessions.session",
  "pk": "xv5cj0ap3hnaonfm6ecri8pg5av9d7eg",
  "fields": {
    "session_data": ".eJxVzLuOwjAQheF3cb2JJo6NPZT0PIM1npkQs1lHyoUG8e4oKxrq83_naYh53uuWHrqUoagk_aMymXPdp-nHJNq3Me2rLqmIORuJ4gA6bbow2Mb5oA1a6RsnGbMMAXxA88Uy8a_Wf3uneptbnuu2lNweSftZ1_Y6i06XT_t1MNI6HtqSR5tPPQJEBVJAJuvUdpJPgp3rOaCijywwKEhP0RJLiJ6dqiPzegO9rUzg:1wFULT:ET5bikDdK-j37E-p_LMTiQQgPbRkK66Pi8pcotrvpc8",
    "expire_date": "2026-05-06T09:58:11.381Z"
  }
},
{
  "model": "sessions.session",
  "pk": "y6nr153hz1s9vv8n5gt2j8mn07489x7w",
  "fields": {
    "session_data": ".eJxVzMsOwiAQheF3YS1kKBQGl-59hmZgGFs1bdLLyvju2qQLXZ__Oy_V0bb23bbUuRtYnZU4SC161FiRtI_oNKUcNDaZxTMnlKJOvyxTedRxt3yn8TaZMo3rPGSzJ-ZYF3OduD4vR_t30NPSf3WuIBBdE0QoeIoIlYAgERFy8FacLRZSEy0yBOuKKy1iKgEiUmSv3h8A6UDL:1wFrlv:AsOrdcjQqFP3S0sPCdsiwC4JuQ_DUMcMBV7OPeAZ6b0",
    "expire_date": "2026-05-07T10:59:03.621Z"
  }
},
{
  "model": "sessions.session",
  "pk": "ycjun8hru3yzq5x34oinip0fauf99ijl",
  "fields": {
    "session_data": ".eJxVzMsOwiAQheF3YS1kKBQGl-59hmZgGFs1bdLLyvju2qQLXZ__Oy_V0bb23bbUuRtYnZU4SC161FiRtI_oNKUcNDaZxTMnlKJOvyxTedRxt3yn8TaZMo3rPGSzJ-ZYF3OduD4vR_t30NPSf3WuIBBdE0QoeIoIlYAgERFy8FacLRZSEy0yBOuKKy1iKgEiUmSv3h8A6UDL:1wGgzl:MajOrC6wjaCn8yT-cqhR9ty5sCBwBFS34G94ExluJtQ",
    "expire_date": "2026-05-09T17:40:45.273Z"
  }
},
{
  "model": "sessions.session",
  "pk": "yelgdfctdl2i09qb5rflmjp3fg0sabta",
  "fields": {
    "session_data": ".eJxVzMsOwiAQheF3YS1kKBQGl-59hmZgGFs1bdLLyvju2qQLXZ__Oy_V0bb23bbUuRtYnZU4SC161FiRtI_oNKUcNDaZxTMnlKJOvyxTedRxt3yn8TaZMo3rPGSzJ-ZYF3OduD4vR_t30NPSf3WuIBBdE0QoeIoIlYAgERFy8FacLRZSEy0yBOuKKy1iKgEiUmSv3h8A6UDL:1wGf2Z:u_II3ob02ijLErYqvtClnodRLaSRZXKCpf7hFRxB-1E",
    "expire_date": "2026-05-09T15:35:31.951Z"
  }
},
{
  "model": "sessions.session",
  "pk": "z2w05rk9n8q27sfqdaok88p0mrnnlb7u",
  "fields": {
    "session_data": ".eJxVzMsOwiAQheF3YS1kKBQGl-59hmZgGFs1bdLLyvju2qQLXZ__Oy_V0bb23bbUuRtYnZU4SC161FiRtI_oNKUcNDaZxTMnlKJOvyxTedRxt3yn8TaZMo3rPGSzJ-ZYF3OduD4vR_t30NPSf3WuIBBdE0QoeIoIlYAgERFy8FacLRZSEy0yBOuKKy1iKgEiUmSv3h8A6UDL:1wGh5S:ynUKPzaP89cXt1x3ZJ9A9Oruncq7cZ40zIgbVTE60YQ",
    "expire_date": "2026-05-09T17:46:38.549Z"
  }
},
{
  "model": "sessions.session",
  "pk": "z5dfzq4tseqb1onzfrbpv90wgdi3j4cq",
  "fields": {
    "session_data": ".eJxVzLsOwjAMheF3yUyjOk6TmpGdZ6jsxKEF1Eq9TIh3h0odYD7_d16m423tu23RuRuyORtsnYYmcBUYUuXZl4pBciWg4iQo1QHN6ZcJp4eOu813Hm-TTdO4zoPYPbHHutjrlPV5Odq_g56X_qslZmJKkCkkDz5iQJdcplhQtXDRDE4duZqAvJNUGIAoemzaGj2jeX8ALPFBDw:1wGh6b:o77obN_WIkScLbfsZapr2AYbfW9O_aDS-EOgDWw7n30",
    "expire_date": "2026-05-09T17:47:49.400Z"
  }
},
{
  "model": "sessions.session",
  "pk": "ztbbb5gxxu1twj2uzevy73pse7v04ee0",
  "fields": {
    "session_data": ".eJxVzMsOwiAQheF3YS1kKBQGl-59hmZgGFs1bdLLyvju2qQLXZ__Oy_V0bb23bbUuRtYnZU4SC161FiRtI_oNKUcNDaZxTMnlKJOvyxTedRxt3yn8TaZMo3rPGSzJ-ZYF3OduD4vR_t30NPSf3WuIBBdE0QoeIoIlYAgERFy8FacLRZSEy0yBOuKKy1iKgEiUmSv3h8A6UDL:1wGf5c:5IT3ncof-gIPBy7jB6gQD4SBh9CnxmAsnzKGjHZFxQc",
    "expire_date": "2026-05-09T15:38:40.221Z"
  }
},
{
  "model": "useraccount.user",
  "fields": {
    "password": "pbkdf2_sha256$1000000$gIomGVIFkmeQfkMVWauy1l$ZngFQfQMRVd1mLEokxMQZvTyPz5vrWze6rbmfmSxKNs=",
    "bio": "Passionate traveler and local host. I aim for a 5-star experience every time. Welcome to my home!",
    "email": "ron@gmail.com",
    "name": "Mike",
    "avatar": "uploads/avatars/IMG_0032.jpeg",
    "is_active": true,
    "is_superuser": false,
    "is_staff": false,
    "date_joined": "2026-04-24T05:00:05.167Z",
    "last_login": "2026-04-26T13:16:09.141Z",
    "groups": [],
    "user_permissions": []
  }
},
{
  "model": "useraccount.user",
  "fields": {
    "password": "pbkdf2_sha256$1000000$tWeoPih7uDin3OFy6vOqBC$Jac+fNbM+Q4VUYpGAwmL48BpOdsDnrYFYbwiCVoAxAo=",
    "bio": null,
    "email": "test@gmail.com",
    "name": null,
    "avatar": "",
    "is_active": true,
    "is_superuser": false,
    "is_staff": false,
    "date_joined": "2026-04-22T09:58:11.240Z",
    "last_login": "2026-04-24T04:57:29.407Z",
    "groups": [],
    "user_permissions": []
  }
},
{
  "model": "useraccount.user",
  "fields": {
    "password": "pbkdf2_sha256$1000000$RNUNicMLWjJn0Gxx628PYI$NjmYsgUJydY5Hd1H2Uv9D+sIAgoPzIJa8/r2FAb9ZvU=",
    "bio": null,
    "email": "user@gmail.com",
    "name": "user",
    "avatar": "uploads/avatars/profile_pic.avif",
    "is_active": true,
    "is_superuser": false,
    "is_staff": false,
    "date_joined": "2026-04-26T05:04:41.027Z",
    "last_login": "2026-04-26T10:23:32.641Z",
    "groups": [],
    "user_permissions": []
  }
},
{
  "model": "useraccount.user",
  "fields": {
    "password": "pbkdf2_sha256$1000000$rM5KcKqhRb540UZWJUWexc$gwBzhp9rJ9r9L3Pg+ZJw7mcjYiopC49mnd0chuyCGIs=",
    "bio": "helloo i hope you enjoy your trip",
    "email": "stayfinder@gmail.com",
    "name": "stayfinder",
    "avatar": "uploads/avatars/IMG_1510_WoDyEZL.jpeg",
    "is_active": true,
    "is_superuser": false,
    "is_staff": false,
    "date_joined": "2026-04-22T11:38:30.604Z",
    "last_login": "2026-04-26T12:52:08.062Z",
    "groups": [],
    "user_permissions": []
  }
},
{
  "model": "useraccount.user",
  "fields": {
    "password": "pbkdf2_sha256$1000000$LFlap14qWMrk3KFOD0r1sY$MdB0NAnr5H5mDlyv1oyor82VktX/7FjPUP8lgesOP+8=",
    "bio": null,
    "email": "ayushbholan@gmail.com",
    "name": "stayfinder",
    "avatar": "uploads/avatars/IMG_1995.jpeg",
    "is_active": true,
    "is_superuser": true,
    "is_staff": true,
    "date_joined": "2026-04-22T03:57:26.008Z",
    "last_login": "2026-04-25T04:55:11.502Z",
    "groups": [],
    "user_permissions": []
  }
},
{
  "model": "property.property",
  "pk": "1a6d9810-5311-41f1-b178-ea6adf557fea",
  "fields": {
    "title": "Entire cabin in Muktinath, Nepal",
    "description": "About this space\r\nA unique Cabin in A frame design; fully furnish with private Kitchen by an alpine lake. View of 6 plus 7000 metres Himalayan peak cannot match by any tranquil getaway Homes away from Home.\r\nWe have an ATV for private use on the prepayment option and lot of activities can be arranged perfect for a week holiday. Best for Digital Nomad craving refuge in the Himalayas with necessary amenities delivered to your door step.\r\n\r\nOther things to note\r\nExtra cost for extra guest, driver or guide. Should be consulted on arrival or before that. We will cooperate and make best arrangements.",
    "price_per_night": 343,
    "bedrooms": 1,
    "bathrooms": 1,
    "guests": 2,
    "country": "Nepal",
    "country_code": "NP",
    "category": "Cabins",
    "image": "uploads/properties/cabins.webp",
    "landlord": [
      "ron@gmail.com"
    ],
    "created_at": "2026-04-25T18:02:09.697Z",
    "favorited": [
      [
        "ron@gmail.com"
      ]
    ]
  }
},
{
  "model": "property.property",
  "pk": "2cd96f9b-6db8-4a3d-9ff2-c404abba6c23",
  "fields": {
    "title": "Entire rental unit in Lalitpur, Nepal",
    "description": "Escape to your private villa retreat in the vibrant heart of Lalitpur, Nepal, offering an inviting blend of comfort and local charm. This lovely unit features two spacious bedrooms and 1.5 modern bathrooms, comfortably accommodating up to five guests for an unforgettable stay. At just $198 per night, it's the perfect home base for exploring the rich culture and beauty of the Kathmandu Valley.",
    "price_per_night": 198,
    "bedrooms": 2,
    "bathrooms": 2,
    "guests": 5,
    "country": "Nepal",
    "country_code": "NP",
    "category": "Villas",
    "image": "uploads/properties/lalitpur.avif",
    "landlord": [
      "ron@gmail.com"
    ],
    "created_at": "2026-04-26T11:45:10.444Z",
    "favorited": []
  }
},
{
  "model": "property.property",
  "pk": "319e62ed-7f04-4d25-8921-5167af92f674",
  "fields": {
    "title": "Entire home in Rosemead, California, United States",
    "description": "Designer 5BR villa in the LA area, perfect for families and groups. Enjoy a resort style backyard with a stunning waterfall pool and relaxing lounge space. Inside features a bright open layout, modern finishes, spacious bedrooms, and a fun game room for entertainment. Fully equipped kitchen for easy meals and gatherings. Located in Rosemead, just minutes to Downtown LA, Pasadena, and top attractions while offering a peaceful stay.",
    "price_per_night": 2000,
    "bedrooms": 5,
    "bathrooms": 4,
    "guests": 12,
    "country": "Rosemead, California, United States",
    "country_code": "2000",
    "category": "beach",
    "image": "uploads/properties/u4.avif",
    "landlord": [
      "ron@gmail.com"
    ],
    "created_at": "2026-04-25T15:44:22.183Z",
    "favorited": []
  }
},
{
  "model": "property.property",
  "pk": "579ab18a-6fc7-4673-b963-9dbb799d5531",
  "fields": {
    "title": "Entire rental unit in Sumida-ku, Japan",
    "description": "About this space\r\nWelcome to Hanshe Homestay! Since 2016, we have been committed to creating a home for you in Tokyo that is great value for money.\r\n\r\nExplore a different Tokyo with a fusion of Skytree and Shitamachi culture:\r\nHansher B&B is located in Sumida Ward, Tokyo, just a few steps from Tokyo's new landmark, Skytree, and only 8 minutes by Tobu Skytree Line. You can start from the modern and bustling Skytree area to experience world-class sightseeing spots, shopping malls and gourmet restaurants. Then, you can shuttle through the streets of Tokyo's downtown to explore the lifestyle and local culture of the locals.\r\n\r\nLOFT decoration, fully equipped:\r\nOur LOFT room is simple in style, combined with reasonable use of space, so you can enjoy a clean and comfortable living environment. The room is equipped with tables and chairs, Wi-Fi, private bathroom, TV, air conditioning, microwave, etc., which is ideal for home isolation and remote work. Additionally, we provide amenities including: hair dryer, electric kettle, bath towels, shampoo, body wash, conditioner, etc. to ensure you can enjoy the convenience of “light travel”.\r\n\r\nConvenient transportation, multiple subway lines:\r\nThe B&B is only a 2-minute walk from Zhongyuan Station, where you can take the Skytree Line. It takes 8 minutes from Zhongyuan Station to Asakusa. In addition, the subway is also very convenient to go to popular attractions such as Ueno, Ginza, Shinjuku, Shibuya, Roppongi, etc., and it takes no more than 40 minutes to reach.\r\n\r\nIf this room is not available, you can click on my profile picture to view our other rooms. Looking forward to providing you with a comfortable and pleasant trip to Tokyo!\r\n\r\nThe space\r\n— Two-Story LOFT 202 —\r\n\r\nｰ 13 m²\r\nｰ A/C\r\nｰ Free WI-FI\r\nｰ 1 Double Bed (with 1 Tatami Bed on the upper story, if needed)\r\nｰ TV\r\nｰ Desk/Chair\r\nｰ Microwave\r\nｰ Mini-fridge\r\nｰ Electric Kettle\r\nｰ Private Toilet and Bathroom (Bathtub included)\r\n\r\n\r\n— Life necessities — (Limited Supply During the Pandemic)\r\n\r\n- Shampoo/Conditioner/Shower Gel\r\n- Toothpaste (No toothbrush)\r\n- Towel\r\n- Hairdryer\r\n\r\nOther things to note\r\n※ Pets are not allowed.\r\n\r\n※No smoke.\r\n\r\n※ Please do not take away bath towels and other consumables provided by the B&B.\r\n\r\n※ Please do not flush anything other than toilet paper. If you flush sanitary napkins, leftover food, hair, etc., we will charge you a fee.\r\n\r\n※ Please do not dye your hair during your stay. If the bed sheet, towel, wall, etc. are damaged by contact with hair dye, we will charge you a compensation fee.\r\n\r\n※ Please submit an electronic copy of your ID before checking in.\r\n\r\n※ Please take care of the items in the house for the next guest to enjoy; if any items are damaged, you will be charged according to the price.\r\n\r\n※ Please keep the noise level down after 10pm so as not to disturb the neighbors.\r\n\r\n※ Please turn off the power of electrical appliances when you go out.\r\n\r\n※ Please take off your shoes at the entrance, hoping that you can respect and like this traditional Japanese culture.\r\n\r\n※ Please sort the garbage and throw it in the big white garbage can at the door of the house.\r\n\r\n※ If you would like to check in early, please let us know in advance, as a fee may be charged.\r\n\r\n※ Please keep your valuables or finances safe. We are not responsible for any loss, misplacement, theft or damage.\r\n\r\n※ Cleaning tools (such as vacuum cleaners, mops) are not provided in the house, please bring your own if needed.\r\n\r\n※ In order to cooperate with our epidemic prevention and control, if you have visitors, please be sure to inform us in advance.\r\n\r\nRegistration Details\r\nHotels and Inns Business Act | 墨田区保健所 | 31墨福衛生環第123号",
    "price_per_night": 121,
    "bedrooms": 2,
    "bathrooms": 2,
    "guests": 2,
    "country": "Sumida-ku, Japan",
    "country_code": "7000",
    "category": "tiny_homes",
    "image": "uploads/properties/tokyo.avif",
    "landlord": [
      "stayfinder@gmail.com"
    ],
    "created_at": "2026-04-22T07:41:37.686Z",
    "favorited": [
      [
        "stayfinder@gmail.com"
      ]
    ]
  }
},
{
  "model": "property.property",
  "pk": "64c8633b-e427-48ba-a51e-284074f651f0",
  "fields": {
    "title": "Private room in cabin in Budhanilkantha, Nepal",
    "description": "Located near Shivapuri National Park, it is only a 3-minute walk from the Budhanilkantha Temple. With fresh air, clean water, and it is far from the hustle and bustle of the city, offering a peaceful and secluded environment.",
    "price_per_night": 170,
    "bedrooms": 1,
    "bathrooms": 1,
    "guests": 2,
    "country": "Nepal",
    "country_code": "NP",
    "category": "Cabins",
    "image": "uploads/properties/budhanilkantha.avif",
    "landlord": [
      "stayfinder@gmail.com"
    ],
    "created_at": "2026-04-25T13:51:35.265Z",
    "favorited": [
      [
        "user@gmail.com"
      ]
    ]
  }
},
{
  "model": "property.property",
  "pk": "74c2ea93-9327-4072-a3fe-e7cb97c07573",
  "fields": {
    "title": "Starlight Villa in Johor Bahru, Malaysia",
    "description": "About this space\r\n🙋🏼‍♀️Welcome to Starlight Villa - Perfect staycation for friends and families 🏡\r\n\r\n📍Starlight Villa is located in Mount Austin, Johor Bahru. Strategy location with a lot of happening restaurants🌮, cafes☕️, shopping malls🛍️, massages💆‍♂️, pubs🍻, saloons💇🏻‍♀️, sports complex🏸 and water theme park🛝 just around the corner. Easy access from Singapore and anywhere in Johor Bahru.\r\n\r\nThe space\r\n🏡 Single storey corner house (3600 Sqft)\r\n🛏️ 4 Bedrooms\r\n🛁 3 Bathrooms\r\n👫 Accommodate 6-12 pax\r\n🅿️ 2 Car parkings inside, 3-5 parkings outside\r\n\r\n🛏️ Bedroom Configuration:\r\n1️⃣ Bedroom 1: 1 x King Bed (Ensuite Bathroom)\r\n2️⃣ Bedroom 2: 2 x Queen Beds (Ensuite bathroom)\r\n3️⃣ Bedroom 3: 2 x Queen Beds\r\n4️⃣ Bedroom 4: 1 x Queen Bed\r\n\r\n🎯 Entertainment:\r\n🏊 Private pool\r\n🎤 Karaoke system\r\n🀄️ Mahjong table with tiles\r\n🥅 Football\r\n⚽️ Table soccer\r\n🏒 Table hockey\r\n🍢 Bbq pit\r\n🪑 Outdoor dining\r\n📺 Free Netflix\r\n🎬 Free Disney+\r\n🛜 300mbps WiFi\r\n\r\n🍽️ Fully equipped kitchen:\r\n💧Coway hot & cold water purifier\r\n❄️ Fridge\r\n🍲 Microwave\r\n🍳 Pot & pan\r\n🫖 Kettle\r\n\r\n✅ Extra touches included:\r\n🧺 2in1 Washing machine & dryer\r\n🛀 Fresh towel & toiletries\r\n🛏️ Clean bed linens\r\n\r\n📍Nearby attraction:\r\n🍱 Mount Austin Nanyang Street - 1 min\r\n🛍️ Jaya Grocer Mount Austin - 1 min\r\n🛋️ Aeon Tebrau - 5 mins\r\n🏰 Eco Palladium - 5 mins\r\n🛒 Mid Valley Southkey - 10 mins\r\n🚆 City Square & CIQ - 15 mins\r\n🛍️ KSL City Mall - 15 mins\r\n👗 Johor Premium Outlet - 30 mins\r\n🏄🏻‍♂️ Legoland Medini - 40 mins\r\n\r\n📝 House Rules:\r\n🕒 Check-in: 3pm | Check-out: 12pm\r\n🤫 Respect the neighbour hoods quiet hours\r\n⚠️ Parties/events/more than 12pax must get approval from host\r\n\r\n🙋🏻Your host🙋🏻‍♀️\r\nBryce & Miki, your friendly local hosts, speaks Chinese, English and Malay. We ensure smooth communication and a heartfelt welcome for every guest.❤️\r\n\r\n🤩 Why Choose Starlight Villa?\r\n🧑‍🧑‍🧒‍🧒 Family-Friendly – All rooms on the ground floor, perfect for kids & elderly\r\n🏊‍♂️ Poolside Living – Living room opens to the pool for fun & safety\r\n🧹 Spotless Clean – Maintained by well-trained cleaners\r\n🕛 12 PM Checkout – More time to relax (others only 11 AM)\r\n🚗 Easy Parking – Spacious & convenient for multiple cars\r\n📍 Great Location – Close to top attractions & essentials\r\n\r\nGuest access\r\n🌊Swimming Pool\r\n🎤KTV\r\n🀄️Mahjong\r\n⚽️Table Football\r\n🥅Football Outdoor\r\n🏒Table Hockey\r\n🍢Bbq Pit\r\n\r\nOther things to note\r\n🎊For any parties, events, or gatherings with more than 12pax (including non-staying guests), please reach out to us for approval before booking🫱🏼‍🫲🏽\r\n\r\n❌Unauthorized large gatherings may result in cancellation without refund💸\r\n\r\n📌Guests are kindly reminded to use all amenities responsibly and at their own risk\r\n\r\n🛏️Extra floor mattress will be provide on request, there will be an extra charge of RM50 per set mattress\r\n\r\nWe’re happy to consider special requests—just let us know in advance🤗",
    "price_per_night": 1090,
    "bedrooms": 4,
    "bathrooms": 3,
    "guests": 12,
    "country": "Johor Bahru, Malaysia",
    "country_code": "2000",
    "category": "villas",
    "image": "uploads/properties/villa3.avif",
    "landlord": [
      "ron@gmail.com"
    ],
    "created_at": "2026-04-25T17:59:42.772Z",
    "favorited": []
  }
},
{
  "model": "property.property",
  "pk": "8e774b9c-3a36-4f96-857f-c013c92b0a02",
  "fields": {
    "title": "Room in Melbourne, Australia",
    "description": "Beautiful room with a spacious working desk and a private balcony, located in the very center of Melbourne, next to major transport hubs - trains🚆, trams🚊 & buses🚍 - and attractions - libraries, museums, theaters - yet with its own rooftop garden where one can immerse in soothing greenery 🌱🪴🦋.\r\nThe apartment also includes a fully-equiped kitchen 🍳, books 📚, boardgames 🎲, a lounge with 55\" 4K TV 📽️, & laundry 🧺.\r\nWe look forward to hosting you!",
    "price_per_night": 120,
    "bedrooms": 2,
    "bathrooms": 2,
    "guests": 4,
    "country": "Melbourne, Australia",
    "country_code": "3456",
    "category": "tiny_homes",
    "image": "uploads/properties/room_melbourne.avif",
    "landlord": [
      "ron@gmail.com"
    ],
    "created_at": "2026-04-22T04:01:33.057Z",
    "favorited": []
  }
},
{
  "model": "property.property",
  "pk": "97989d5c-3854-4beb-b918-4c3ccc2aacf6",
  "fields": {
    "title": "Entire home in Long Beach, California, United States",
    "description": "Make some memories at this unique and family-friendly place.\r\nYou will enjoy this sunny beach front home on the Peninsula boardwalk while watching amazing sunsets. Experience both the ocean & the bay while visiting our beach house. Located within walking distance to 2nd Street shops & restaurants.\r\n\r\nRegistration Details\r\nNRP23-01146",
    "price_per_night": 3000,
    "bedrooms": 4,
    "bathrooms": 3,
    "guests": 8,
    "country": "United States",
    "country_code": "US",
    "category": "beach",
    "image": "uploads/properties/beach2.avif",
    "landlord": [
      "ron@gmail.com"
    ],
    "created_at": "2026-04-25T17:51:19.312Z",
    "favorited": []
  }
},
{
  "model": "property.property",
  "pk": "bce6041d-a119-4570-ab2b-116318b5987a",
  "fields": {
    "title": "Private hanok in a traditional market • Gyeongdong Jae • Cheongnyangni Station",
    "description": "Discover Gyeongdong Jae, a private hanok beautifully nestled within the vibrant heart of a traditional Korean market, offering an unforgettable cultural escape. This exquisite villa near Cheongnyangni Station seamlessly blends authentic charm with modern luxury, featuring two tranquil bedrooms and two pristine bathrooms. Perfect for up to four guests, it provides an exclusive and stylish retreat to experience the true essence of Seoul living with unparalleled comfort.",
    "price_per_night": 600,
    "bedrooms": 2,
    "bathrooms": 2,
    "guests": 4,
    "country": "South Korea",
    "country_code": "KR",
    "category": "Villas",
    "image": "uploads/properties/koreaaa.avif",
    "landlord": [
      "ron@gmail.com"
    ],
    "created_at": "2026-04-26T11:08:11.196Z",
    "favorited": []
  }
},
{
  "model": "property.property",
  "pk": "c311e3b7-7656-4d01-b51d-eec7b752d657",
  "fields": {
    "title": "Entire home in Jeju-si, South Korea",
    "description": "About this space\r\n- Retro emotional private stay with friends and family!\r\nCheongsu Inn is a private, private accommodation that has been remodeled from a 100-year-old Jeju house where my grandmother has lived for a long time.\r\nOnly one team can stay a day, and it is good to stay quietly by adding a retro mood to the structure of Jeju traditional houses. It's great to share new memories with friends and familiar memories with family.\r\n\r\nThe accommodation is located in the village. The view from the yard is only the barley, the sky, and nature. In April, the view of the barley field in front of the accommodation is particularly impressive. On summer nights, you can also see fireflies in the yard.\r\n\r\n- Spacious structure and space for up to 8 people!\r\nCheongsu Inn is a private accommodation consisting of 3 bedrooms and 2 bathrooms. The standard number of people is 4, and it can be used by up to 8 people, including additional people, so it is suitable for families or friends to stay together.\r\n\r\nEnjoy your stay in a variety of ways, including barbecue, fire pit, film camera, and analog camcorder rental.",
    "price_per_night": 507,
    "bedrooms": 3,
    "bathrooms": 2,
    "guests": 7,
    "country": "South Korea",
    "country_code": "KR",
    "category": "cabins",
    "image": "uploads/properties/cabins2.avif",
    "landlord": [
      "ron@gmail.com"
    ],
    "created_at": "2026-04-25T17:55:30.143Z",
    "favorited": [
      [
        "ron@gmail.com"
      ],
      [
        "user@gmail.com"
      ]
    ]
  }
},
{
  "model": "property.property",
  "pk": "cbcb5ff5-e414-461f-82e1-f8ea6b5dcea1",
  "fields": {
    "title": "Entire serviced apartment in Kuala Lumpur, Malaysia",
    "description": "Welcome to your home away from home! A stylish, cozy stay with warm décor and modern touches. Enjoy coffee on the balcony, cook in the full kitchen, or unwind with a movie on the smart TV. Fast Wi-Fi, premium linens, and easy self check-in make your stay simple and comfortable.\r\n\r\nNearby: KLCC Park, Suria KLCC, Pavilion KL, Aquaria KLCC, KL Bird Park & Chinatown.",
    "price_per_night": 200,
    "bedrooms": 3,
    "bathrooms": 4,
    "guests": 4,
    "country": "Kuala Lumpur, Malaysia",
    "country_code": "4000",
    "category": "villas",
    "image": "uploads/properties/kualalumpur.jpg",
    "landlord": [
      "stayfinder@gmail.com"
    ],
    "created_at": "2026-04-24T05:17:36.197Z",
    "favorited": [
      [
        "ron@gmail.com"
      ]
    ]
  }
},
{
  "model": "property.property",
  "pk": "e2d1b9c0-cab0-43f6-b9fe-065cfc473ebe",
  "fields": {
    "title": "Pension in Jeju-si, South Korea",
    "description": "About this space\r\n* A small discount is applied for consecutive stays *\r\n\r\n*Newly opened jacuzzi free review event*\r\n\r\nPrivate private pension surrounded by stone walls in a quiet space in Dumori\r\n\r\nOur Staypinda is an accommodation located within 10 minutes from Sinchang Windmill Coastal Road by car, and Hyeopjae and Geumneung Beach are within 20 minutes. (Hanaro Mart 3 minutes, Convenience store 3 minutes)\r\n\r\nUp to 4 people can stay, based on 2 people.\r\n\r\nIn the front yard, there is a fire pit where you can barbecue.\r\n(If you are using it, please let us know in advance.) Additional charge of 30,000 KRW when using)\r\nBarbecue supplies provided (one bag of charcoal, firewood, 1 grate, tongs, scissors, torch, gloves)\r\n(Charcoal/grill not allowed)\r\n\r\nThe jacuzzi is a cozy space where the moonlight is illuminated in Baekil Hong (30,000 KRW including cleaning fee when using)\r\n* Dead sea salt bath products provided, no personal bath products *\r\n\r\nThe bedroom is on the loft.\r\n\r\nHouse space - living room, bathroom, loft (bedroom), jacuzzi\r\n\r\nA selection of welcome beverages and snacks\r\n\r\nCheck-in time: after 4pm\r\nCheck-out time: 11 am\r\n\r\nThe space\r\nGuest spaces/facilities:\r\n\r\n-Living room & bedroom\r\n\r\nTurntable (for Bluetooth speaker)\r\nBeam Projector (Netflix available)\r\nAir conditioner\r\nWi-Fi\r\nMattress (queen size)\r\nBedding (Additional bedding can only be changed and added if requested one day before the reservation date)\r\n\r\n\r\n-Kitchen\r\n\r\n[Cheese crackers, 2 kinds of snacks, popcorn, 2 cups of ramen, 2 coffee capsules, 2 bottles of mineral water, carbonated water, chocolate milk apple juice, lychee jelly juice]\r\n\r\nInduction stove\r\nOven toaster\r\nElectric kettle\r\nMini fridge\r\nMicrowave\r\nIlly coffee machine\r\n4-person tableware set\r\nOther dinner plates\r\nWine Glasses\r\nBasic seasonings (sugar, seasoned salt, soy sauce, red pepper powder, black pepper)\r\nOther cutlery kitchen utensils\r\n\r\n\r\n-Bathroom\r\n\r\nShower room\r\nShampoo, conditioner, body wash, hand wash\r\nshower towel\r\n- Hairdryer\r\nBody towel, face towel\r\nDisposable toothbrush and toothpaste provided\r\nWashing machine (detergent provided)",
    "price_per_night": 200,
    "bedrooms": 4,
    "bathrooms": 2,
    "guests": 6,
    "country": "South Korea",
    "country_code": "KR",
    "category": "cabins",
    "image": "uploads/properties/skorea.avif",
    "landlord": [
      "stayfinder@gmail.com"
    ],
    "created_at": "2026-04-25T13:44:22.815Z",
    "favorited": [
      [
        "stayfinder@gmail.com"
      ]
    ]
  }
},
{
  "model": "property.reservation",
  "pk": "05e57813-942e-48ba-98d8-5b3054306a40",
  "fields": {
    "property": "64c8633b-e427-48ba-a51e-284074f651f0",
    "start_date": "2026-04-26",
    "end_date": "2026-04-28",
    "number_of_nights": 2,
    "guests": 2,
    "total_price": 357.0,
    "created_by": [
      "ron@gmail.com"
    ],
    "created_at": "2026-04-26T10:22:21.343Z"
  }
},
{
  "model": "property.reservation",
  "pk": "144765b4-d61c-41d1-ac28-88002d741ec3",
  "fields": {
    "property": "8e774b9c-3a36-4f96-857f-c013c92b0a02",
    "start_date": "2026-04-24",
    "end_date": "2026-04-25",
    "number_of_nights": 1,
    "guests": 1,
    "total_price": 126.0,
    "created_by": [
      "user@gmail.com"
    ],
    "created_at": "2026-04-26T05:05:47.411Z"
  }
},
{
  "model": "property.reservation",
  "pk": "cba6c1b2-9590-4e92-863f-8dbfa4d837ce",
  "fields": {
    "property": "579ab18a-6fc7-4673-b963-9dbb799d5531",
    "start_date": "2026-04-24",
    "end_date": "2026-04-26",
    "number_of_nights": 2,
    "guests": 2,
    "total_price": 254.1,
    "created_by": [
      "ron@gmail.com"
    ],
    "created_at": "2026-04-26T09:10:35.074Z"
  }
},
{
  "model": "property.reservation",
  "pk": "ed751508-ce31-4225-b7b3-f82d52029c57",
  "fields": {
    "property": "97989d5c-3854-4beb-b918-4c3ccc2aacf6",
    "start_date": "2026-04-26",
    "end_date": "2026-04-30",
    "number_of_nights": 4,
    "guests": 4,
    "total_price": 12600.0,
    "created_by": [
      "user@gmail.com"
    ],
    "created_at": "2026-04-26T10:24:05.064Z"
  }
},
{
  "model": "property.review",
  "pk": "8dc0fc90-6e3f-4f9e-bb9c-4bf70e945855",
  "fields": {
    "property": "8e774b9c-3a36-4f96-857f-c013c92b0a02",
    "created_by": [
      "user@gmail.com"
    ],
    "reservation": "144765b4-d61c-41d1-ac28-88002d741ec3",
    "rating": 5,
    "comment": "This place was amazing! Spotlessly clean, beautifully decorated, and had everything I needed for a comfortable stay. The bed was incredibly cozy, the kitchen fully stocked, and the bathroom felt like a spa. The location was perfect—quiet but close to everything. The host was super responsive and helpful. I couldn’t have asked for a better experience. Will definitely stay again!",
    "created_at": "2026-04-26T05:53:15.191Z"
  }
},
{
  "model": "property.propertyimage",
  "pk": "01eb059d-0552-47fd-a900-c368e03512cd",
  "fields": {
    "property": "319e62ed-7f04-4d25-8921-5167af92f674",
    "image": "uploads/properties/u7.avif",
    "order": 0
  }
},
{
  "model": "property.propertyimage",
  "pk": "145290bc-6f7c-4cc1-b93c-f7c4ec2f896e",
  "fields": {
    "property": "c311e3b7-7656-4d01-b51d-eec7b752d657",
    "image": "uploads/properties/k3.avif",
    "order": 2
  }
},
{
  "model": "property.propertyimage",
  "pk": "148caadf-2ed1-455c-995e-efac50d939cf",
  "fields": {
    "property": "bce6041d-a119-4570-ab2b-116318b5987a",
    "image": "uploads/properties/bathroom.avif",
    "order": 4
  }
},
{
  "model": "property.propertyimage",
  "pk": "15fe3d39-8500-49e9-aca5-319d8f9f23e3",
  "fields": {
    "property": "2cd96f9b-6db8-4a3d-9ff2-c404abba6c23",
    "image": "uploads/properties/dinning.avif",
    "order": 6
  }
},
{
  "model": "property.propertyimage",
  "pk": "1eeef57d-910d-4ae6-ba2e-74a8b227b03b",
  "fields": {
    "property": "319e62ed-7f04-4d25-8921-5167af92f674",
    "image": "uploads/properties/u10.avif",
    "order": 0
  }
},
{
  "model": "property.propertyimage",
  "pk": "292b1867-97cd-451d-87ce-45c74b09cba8",
  "fields": {
    "property": "74c2ea93-9327-4072-a3fe-e7cb97c07573",
    "image": "uploads/properties/m1.avif",
    "order": 0
  }
},
{
  "model": "property.propertyimage",
  "pk": "3274c26e-cc7b-4af9-8f94-06560826317c",
  "fields": {
    "property": "64c8633b-e427-48ba-a51e-284074f651f0",
    "image": "uploads/properties/l2.avif",
    "order": 1
  }
},
{
  "model": "property.propertyimage",
  "pk": "32a04df0-4a60-4fb7-8805-3495d195a8a6",
  "fields": {
    "property": "74c2ea93-9327-4072-a3fe-e7cb97c07573",
    "image": "uploads/properties/m3.avif",
    "order": 2
  }
},
{
  "model": "property.propertyimage",
  "pk": "350cbf37-136c-4949-bab9-485a85e6b8c3",
  "fields": {
    "property": "2cd96f9b-6db8-4a3d-9ff2-c404abba6c23",
    "image": "uploads/properties/exteriorr.avif",
    "order": 10
  }
},
{
  "model": "property.propertyimage",
  "pk": "3582c99c-9e81-4ce4-b9a2-3128cb4489ef",
  "fields": {
    "property": "8e774b9c-3a36-4f96-857f-c013c92b0a02",
    "image": "uploads/properties/a5.avif",
    "order": 3
  }
},
{
  "model": "property.propertyimage",
  "pk": "4151ac5b-315c-4c79-8848-d5001698a631",
  "fields": {
    "property": "bce6041d-a119-4570-ab2b-116318b5987a",
    "image": "uploads/properties/koreaaa_2bXR0pG.avif",
    "order": 0
  }
},
{
  "model": "property.propertyimage",
  "pk": "4258c71a-d333-4a0c-8ecb-2623908db665",
  "fields": {
    "property": "319e62ed-7f04-4d25-8921-5167af92f674",
    "image": "uploads/properties/u6.avif",
    "order": 0
  }
},
{
  "model": "property.propertyimage",
  "pk": "45f1d016-79c8-4ccf-9b59-b83b9f3e4f51",
  "fields": {
    "property": "8e774b9c-3a36-4f96-857f-c013c92b0a02",
    "image": "uploads/properties/a2.avif",
    "order": 1
  }
},
{
  "model": "property.propertyimage",
  "pk": "4dfa626b-945b-468a-821f-d7cab244f81a",
  "fields": {
    "property": "97989d5c-3854-4beb-b918-4c3ccc2aacf6",
    "image": "uploads/properties/o1.avif",
    "order": 0
  }
},
{
  "model": "property.propertyimage",
  "pk": "4f323b15-4136-480f-83f9-595aa65d47ee",
  "fields": {
    "property": "74c2ea93-9327-4072-a3fe-e7cb97c07573",
    "image": "uploads/properties/m2.avif",
    "order": 1
  }
},
{
  "model": "property.propertyimage",
  "pk": "5539b10c-9f90-449a-ae24-770f393ed29d",
  "fields": {
    "property": "64c8633b-e427-48ba-a51e-284074f651f0",
    "image": "uploads/properties/l4.avif",
    "order": 2
  }
},
{
  "model": "property.propertyimage",
  "pk": "5732861e-0be9-4dc4-8e25-903320416a79",
  "fields": {
    "property": "cbcb5ff5-e414-461f-82e1-f8ea6b5dcea1",
    "image": "uploads/properties/newones5.avif",
    "order": 4
  }
},
{
  "model": "property.propertyimage",
  "pk": "5c0e4f5b-338d-499a-af79-6a9dbc5649c0",
  "fields": {
    "property": "cbcb5ff5-e414-461f-82e1-f8ea6b5dcea1",
    "image": "uploads/properties/newones4.avif",
    "order": 3
  }
},
{
  "model": "property.propertyimage",
  "pk": "5f342012-8647-4253-9280-845785d50cb9",
  "fields": {
    "property": "1a6d9810-5311-41f1-b178-ea6adf557fea",
    "image": "uploads/properties/p2.avif",
    "order": 0
  }
},
{
  "model": "property.propertyimage",
  "pk": "5fd4a13d-548f-416a-b59a-6df9487ebf5a",
  "fields": {
    "property": "97989d5c-3854-4beb-b918-4c3ccc2aacf6",
    "image": "uploads/properties/o3.avif",
    "order": 0
  }
},
{
  "model": "property.propertyimage",
  "pk": "632c605c-6352-4baa-b856-37e25f864c61",
  "fields": {
    "property": "319e62ed-7f04-4d25-8921-5167af92f674",
    "image": "uploads/properties/u5.avif",
    "order": 0
  }
},
{
  "model": "property.propertyimage",
  "pk": "6c6c5bbf-4c84-4b6e-bd66-ecfb794cadae",
  "fields": {
    "property": "2cd96f9b-6db8-4a3d-9ff2-c404abba6c23",
    "image": "uploads/properties/fullbathroom.avif",
    "order": 9
  }
},
{
  "model": "property.propertyimage",
  "pk": "6ce5d63e-118f-4bcf-9b54-4229de60b709",
  "fields": {
    "property": "319e62ed-7f04-4d25-8921-5167af92f674",
    "image": "uploads/properties/u8.avif",
    "order": 0
  }
},
{
  "model": "property.propertyimage",
  "pk": "6f2b3ecd-e5a5-41bd-8703-7573011a6573",
  "fields": {
    "property": "579ab18a-6fc7-4673-b963-9dbb799d5531",
    "image": "uploads/properties/j1.avif",
    "order": 0
  }
},
{
  "model": "property.propertyimage",
  "pk": "7b2ce7fa-3c7b-4b6b-b493-5df2b417939f",
  "fields": {
    "property": "319e62ed-7f04-4d25-8921-5167af92f674",
    "image": "uploads/properties/u3.avif",
    "order": 0
  }
},
{
  "model": "property.propertyimage",
  "pk": "7bc1c645-b849-47c6-820b-f8f4e39bf6b1",
  "fields": {
    "property": "1a6d9810-5311-41f1-b178-ea6adf557fea",
    "image": "uploads/properties/p1.avif",
    "order": 0
  }
},
{
  "model": "property.propertyimage",
  "pk": "7c5d751e-5477-47d7-adad-113ccf70e376",
  "fields": {
    "property": "64c8633b-e427-48ba-a51e-284074f651f0",
    "image": "uploads/properties/l1.avif",
    "order": 0
  }
},
{
  "model": "property.propertyimage",
  "pk": "808151b5-6939-4b6b-aeae-fb9aa049ec5a",
  "fields": {
    "property": "579ab18a-6fc7-4673-b963-9dbb799d5531",
    "image": "uploads/properties/j2.avif",
    "order": 1
  }
},
{
  "model": "property.propertyimage",
  "pk": "80ea8aa4-c611-4aec-8dfe-6eb674d8b189",
  "fields": {
    "property": "c311e3b7-7656-4d01-b51d-eec7b752d657",
    "image": "uploads/properties/k1.avif",
    "order": 0
  }
},
{
  "model": "property.propertyimage",
  "pk": "85fa30db-2967-4ac7-b557-4d97e601fede",
  "fields": {
    "property": "319e62ed-7f04-4d25-8921-5167af92f674",
    "image": "uploads/properties/u1.avif",
    "order": 0
  }
},
{
  "model": "property.propertyimage",
  "pk": "8856d5a7-b095-42ab-bbda-36f3302c65d0",
  "fields": {
    "property": "cbcb5ff5-e414-461f-82e1-f8ea6b5dcea1",
    "image": "uploads/properties/newones.avif",
    "order": 0
  }
},
{
  "model": "property.propertyimage",
  "pk": "8d0d6644-49dd-4eb9-9235-8a3d1eff51d8",
  "fields": {
    "property": "2cd96f9b-6db8-4a3d-9ff2-c404abba6c23",
    "image": "uploads/properties/kitchen_lalitpur_4MQvUlH.avif",
    "order": 4
  }
},
{
  "model": "property.propertyimage",
  "pk": "8f7c425c-c09a-4bc3-8402-caf463eb4227",
  "fields": {
    "property": "2cd96f9b-6db8-4a3d-9ff2-c404abba6c23",
    "image": "uploads/properties/living.avif",
    "order": 3
  }
},
{
  "model": "property.propertyimage",
  "pk": "9185b177-67b8-4337-8f0e-90fff8c246bc",
  "fields": {
    "property": "319e62ed-7f04-4d25-8921-5167af92f674",
    "image": "uploads/properties/u9.avif",
    "order": 0
  }
},
{
  "model": "property.propertyimage",
  "pk": "9bcff8f8-8c8d-4e08-9423-5c48e2e628bf",
  "fields": {
    "property": "97989d5c-3854-4beb-b918-4c3ccc2aacf6",
    "image": "uploads/properties/o4.avif",
    "order": 0
  }
},
{
  "model": "property.propertyimage",
  "pk": "a50337a2-babd-445e-8761-21a6dadaeab3",
  "fields": {
    "property": "8e774b9c-3a36-4f96-857f-c013c92b0a02",
    "image": "uploads/properties/a1.avif",
    "order": 0
  }
},
{
  "model": "property.propertyimage",
  "pk": "a6b6dfc5-6818-48e5-ac19-c8f6a06afcbb",
  "fields": {
    "property": "bce6041d-a119-4570-ab2b-116318b5987a",
    "image": "uploads/properties/bedroom.avif",
    "order": 3
  }
},
{
  "model": "property.propertyimage",
  "pk": "aa1c9342-250d-440f-8419-dbaa2910a9ee",
  "fields": {
    "property": "bce6041d-a119-4570-ab2b-116318b5987a",
    "image": "uploads/properties/exterior.avif",
    "order": 5
  }
},
{
  "model": "property.propertyimage",
  "pk": "ae39a932-1fb9-4d6e-a365-616bc75ace7f",
  "fields": {
    "property": "e2d1b9c0-cab0-43f6-b9fe-065cfc473ebe",
    "image": "uploads/properties/koreannn.avif",
    "order": 0
  }
},
{
  "model": "property.propertyimage",
  "pk": "b00e1e83-0f92-4075-9f94-54c1bc1b6ba3",
  "fields": {
    "property": "2cd96f9b-6db8-4a3d-9ff2-c404abba6c23",
    "image": "uploads/properties/kitchennn.avif",
    "order": 5
  }
},
{
  "model": "property.propertyimage",
  "pk": "b1fb06ec-d12d-42b9-9be4-fca95181008c",
  "fields": {
    "property": "2cd96f9b-6db8-4a3d-9ff2-c404abba6c23",
    "image": "uploads/properties/bedroom1.avif",
    "order": 7
  }
},
{
  "model": "property.propertyimage",
  "pk": "b4de6f3b-34e9-4d8f-8004-be4dcb7b89ec",
  "fields": {
    "property": "319e62ed-7f04-4d25-8921-5167af92f674",
    "image": "uploads/properties/u2.avif",
    "order": 0
  }
},
{
  "model": "property.propertyimage",
  "pk": "bed06ea2-0949-48bb-8a08-62d4c6e056dd",
  "fields": {
    "property": "cbcb5ff5-e414-461f-82e1-f8ea6b5dcea1",
    "image": "uploads/properties/newones3.avif",
    "order": 2
  }
},
{
  "model": "property.propertyimage",
  "pk": "d077228e-592a-40d5-b5d1-ad7c8b1f9a7a",
  "fields": {
    "property": "8e774b9c-3a36-4f96-857f-c013c92b0a02",
    "image": "uploads/properties/a3.avif",
    "order": 2
  }
},
{
  "model": "property.propertyimage",
  "pk": "d1675506-3e40-4d65-9484-004e4141db35",
  "fields": {
    "property": "cbcb5ff5-e414-461f-82e1-f8ea6b5dcea1",
    "image": "uploads/properties/newones2.avif",
    "order": 1
  }
},
{
  "model": "property.propertyimage",
  "pk": "d1eb549b-188a-46fc-b39b-b1023b0b6264",
  "fields": {
    "property": "1a6d9810-5311-41f1-b178-ea6adf557fea",
    "image": "uploads/properties/p3.avif",
    "order": 0
  }
},
{
  "model": "property.propertyimage",
  "pk": "d5bbbabf-8c48-41be-8af3-d8c7a9a26612",
  "fields": {
    "property": "2cd96f9b-6db8-4a3d-9ff2-c404abba6c23",
    "image": "uploads/properties/kitchen_lalitpur.avif",
    "order": 1
  }
},
{
  "model": "property.propertyimage",
  "pk": "e095948f-6a5b-4ad4-a755-4c07861e40b9",
  "fields": {
    "property": "2cd96f9b-6db8-4a3d-9ff2-c404abba6c23",
    "image": "uploads/properties/bedroom2.avif",
    "order": 8
  }
},
{
  "model": "property.propertyimage",
  "pk": "e7fb0972-9bce-446f-915e-4b0654ed8f7a",
  "fields": {
    "property": "c311e3b7-7656-4d01-b51d-eec7b752d657",
    "image": "uploads/properties/k2.avif",
    "order": 1
  }
},
{
  "model": "property.propertyimage",
  "pk": "e880061d-846e-4688-b885-585b6285f2c5",
  "fields": {
    "property": "2cd96f9b-6db8-4a3d-9ff2-c404abba6c23",
    "image": "uploads/properties/livingg.avif",
    "order": 2
  }
},
{
  "model": "property.propertyimage",
  "pk": "e944f8fc-0e53-4325-891b-0db4b6f8c0f0",
  "fields": {
    "property": "e2d1b9c0-cab0-43f6-b9fe-065cfc473ebe",
    "image": "uploads/properties/1.avif",
    "order": 2
  }
},
{
  "model": "property.propertyimage",
  "pk": "e955be56-ed14-45ff-b3b4-84c1e53c9d34",
  "fields": {
    "property": "bce6041d-a119-4570-ab2b-116318b5987a",
    "image": "uploads/properties/side.avif",
    "order": 1
  }
},
{
  "model": "property.propertyimage",
  "pk": "f1374a30-2de9-4da3-9500-de52a9da1b57",
  "fields": {
    "property": "bce6041d-a119-4570-ab2b-116318b5987a",
    "image": "uploads/properties/dining.avif",
    "order": 2
  }
},
{
  "model": "property.propertyimage",
  "pk": "f228e38a-6918-4aa6-9fde-448ec115cf40",
  "fields": {
    "property": "1a6d9810-5311-41f1-b178-ea6adf557fea",
    "image": "uploads/properties/p4.avif",
    "order": 0
  }
},
{
  "model": "property.propertyimage",
  "pk": "f5429ceb-4b0c-4bad-ad80-ed2a25468e04",
  "fields": {
    "property": "e2d1b9c0-cab0-43f6-b9fe-065cfc473ebe",
    "image": "uploads/properties/bedddd.avif",
    "order": 1
  }
},
{
  "model": "property.propertyimage",
  "pk": "fae2ba48-58d4-42c9-8003-1fd462f18168",
  "fields": {
    "property": "1a6d9810-5311-41f1-b178-ea6adf557fea",
    "image": "uploads/properties/p5.avif",
    "order": 0
  }
},
{
  "model": "chat.conversation",
  "pk": "657ead76-17cf-4a65-97f6-795330dd723b",
  "fields": {
    "created_at": "2026-04-26T10:24:57.045Z",
    "modified_at": "2026-04-26T10:24:57.045Z",
    "users": [
      [
        "ron@gmail.com"
      ],
      [
        "user@gmail.com"
      ]
    ]
  }
},
{
  "model": "chat.conversation",
  "pk": "6ebd9afe-84f6-4cf0-a3c8-02f6e25d0ec1",
  "fields": {
    "created_at": "2026-04-26T05:14:54.382Z",
    "modified_at": "2026-04-26T05:14:54.382Z",
    "users": [
      [
        "user@gmail.com"
      ],
      [
        "stayfinder@gmail.com"
      ]
    ]
  }
},
{
  "model": "chat.conversation",
  "pk": "bd8befa9-a08d-46d9-8a99-8c8b0b6ddc4c",
  "fields": {
    "created_at": "2026-04-24T11:20:33.332Z",
    "modified_at": "2026-04-24T11:20:33.332Z",
    "users": [
      [
        "ron@gmail.com"
      ],
      [
        "stayfinder@gmail.com"
      ]
    ]
  }
},
{
  "model": "chat.conversation",
  "pk": "fce5ea2a-5a2b-4330-a28c-9a7ec2f9c6e9",
  "fields": {
    "created_at": "2026-04-24T14:08:05.868Z",
    "modified_at": "2026-04-24T14:08:05.868Z",
    "users": [
      [
        "stayfinder@gmail.com"
      ],
      [
        "ayushbholan@gmail.com"
      ]
    ]
  }
},
{
  "model": "chat.conversationmessage",
  "pk": "02c1c617-b18b-4b18-933f-14c390970220",
  "fields": {
    "conversation": "bd8befa9-a08d-46d9-8a99-8c8b0b6ddc4c",
    "body": "hey mike",
    "sent_to": [
      "ron@gmail.com"
    ],
    "created_by": [
      "stayfinder@gmail.com"
    ],
    "created_at": "2026-04-25T13:05:45.239Z"
  }
},
{
  "model": "chat.conversationmessage",
  "pk": "0338b84c-7110-4695-9ac1-84e60e3cbe7d",
  "fields": {
    "conversation": "bd8befa9-a08d-46d9-8a99-8c8b0b6ddc4c",
    "body": "yeah i do like it but i need one more",
    "sent_to": [
      "stayfinder@gmail.com"
    ],
    "created_by": [
      "ron@gmail.com"
    ],
    "created_at": "2026-04-25T13:07:53.681Z"
  }
},
{
  "model": "chat.conversationmessage",
  "pk": "0dfa21f6-1387-4c9b-ac0b-b707dc9a99d4",
  "fields": {
    "conversation": "6ebd9afe-84f6-4cf0-a3c8-02f6e25d0ec1",
    "body": "heyyy i want this",
    "sent_to": [
      "stayfinder@gmail.com"
    ],
    "created_by": [
      "user@gmail.com"
    ],
    "created_at": "2026-04-26T05:15:04.515Z"
  }
},
{
  "model": "chat.conversationmessage",
  "pk": "10b00023-25f6-4616-b891-0933def4c331",
  "fields": {
    "conversation": "bd8befa9-a08d-46d9-8a99-8c8b0b6ddc4c",
    "body": "hi",
    "sent_to": [
      "stayfinder@gmail.com"
    ],
    "created_by": [
      "ron@gmail.com"
    ],
    "created_at": "2026-04-25T13:17:33.735Z"
  }
},
{
  "model": "chat.conversationmessage",
  "pk": "1a9ec0f9-09a0-4eff-a4ce-b547b10d829f",
  "fields": {
    "conversation": "bd8befa9-a08d-46d9-8a99-8c8b0b6ddc4c",
    "body": "its 3:00pm",
    "sent_to": [
      "ron@gmail.com"
    ],
    "created_by": [
      "stayfinder@gmail.com"
    ],
    "created_at": "2026-04-26T08:54:20.796Z"
  }
},
{
  "model": "chat.conversationmessage",
  "pk": "1ba10421-b48a-4ec0-b197-f6a579bf595a",
  "fields": {
    "conversation": "bd8befa9-a08d-46d9-8a99-8c8b0b6ddc4c",
    "body": "hey",
    "sent_to": [
      "ron@gmail.com"
    ],
    "created_by": [
      "stayfinder@gmail.com"
    ],
    "created_at": "2026-04-24T14:13:08.511Z"
  }
},
{
  "model": "chat.conversationmessage",
  "pk": "1c34a905-6b33-4968-8bd5-08785a0af950",
  "fields": {
    "conversation": "bd8befa9-a08d-46d9-8a99-8c8b0b6ddc4c",
    "body": "hwyyy",
    "sent_to": [
      "ron@gmail.com"
    ],
    "created_by": [
      "stayfinder@gmail.com"
    ],
    "created_at": "2026-04-25T15:40:04.609Z"
  }
},
{
  "model": "chat.conversationmessage",
  "pk": "1e8519cd-c8a2-4ea9-b81c-f9828c623e3e",
  "fields": {
    "conversation": "bd8befa9-a08d-46d9-8a99-8c8b0b6ddc4c",
    "body": "hey",
    "sent_to": [
      "ron@gmail.com"
    ],
    "created_by": [
      "stayfinder@gmail.com"
    ],
    "created_at": "2026-04-24T13:45:09.700Z"
  }
},
{
  "model": "chat.conversationmessage",
  "pk": "25a906da-642d-4e49-aa4b-4ad9421e0085",
  "fields": {
    "conversation": "bd8befa9-a08d-46d9-8a99-8c8b0b6ddc4c",
    "body": "hey i am stayfinder nice to meet you too",
    "sent_to": [
      "ron@gmail.com"
    ],
    "created_by": [
      "stayfinder@gmail.com"
    ],
    "created_at": "2026-04-24T14:16:45.863Z"
  }
},
{
  "model": "chat.conversationmessage",
  "pk": "30bfc8e9-afd0-4d4a-9abf-b44a430c4280",
  "fields": {
    "conversation": "657ead76-17cf-4a65-97f6-795330dd723b",
    "body": "hey mike i want to book a property",
    "sent_to": [
      "ron@gmail.com"
    ],
    "created_by": [
      "user@gmail.com"
    ],
    "created_at": "2026-04-26T10:25:04.749Z"
  }
},
{
  "model": "chat.conversationmessage",
  "pk": "36200088-5164-4596-8a93-8bf364008da6",
  "fields": {
    "conversation": "6ebd9afe-84f6-4cf0-a3c8-02f6e25d0ec1",
    "body": "okayy",
    "sent_to": [
      "user@gmail.com"
    ],
    "created_by": [
      "stayfinder@gmail.com"
    ],
    "created_at": "2026-04-26T05:16:04.328Z"
  }
},
{
  "model": "chat.conversationmessage",
  "pk": "377a8b97-7ffb-49c7-95cf-8b8e7801468d",
  "fields": {
    "conversation": "bd8befa9-a08d-46d9-8a99-8c8b0b6ddc4c",
    "body": "its 3:05pm",
    "sent_to": [
      "stayfinder@gmail.com"
    ],
    "created_by": [
      "ron@gmail.com"
    ],
    "created_at": "2026-04-26T08:54:44.733Z"
  }
},
{
  "model": "chat.conversationmessage",
  "pk": "3b25fde3-60b2-4fd5-923c-f474f0018ebe",
  "fields": {
    "conversation": "bd8befa9-a08d-46d9-8a99-8c8b0b6ddc4c",
    "body": "how are you doing lady?",
    "sent_to": [
      "stayfinder@gmail.com"
    ],
    "created_by": [
      "ron@gmail.com"
    ],
    "created_at": "2026-04-24T14:14:30.226Z"
  }
},
{
  "model": "chat.conversationmessage",
  "pk": "3f46e897-ae2c-44ee-bef3-baff844825d0",
  "fields": {
    "conversation": "bd8befa9-a08d-46d9-8a99-8c8b0b6ddc4c",
    "body": "i am doing great how are u",
    "sent_to": [
      "ron@gmail.com"
    ],
    "created_by": [
      "stayfinder@gmail.com"
    ],
    "created_at": "2026-04-24T14:15:36.859Z"
  }
},
{
  "model": "chat.conversationmessage",
  "pk": "63fbd134-6d67-4335-a1fc-f706281d8e62",
  "fields": {
    "conversation": "bd8befa9-a08d-46d9-8a99-8c8b0b6ddc4c",
    "body": "how are you doing",
    "sent_to": [
      "ron@gmail.com"
    ],
    "created_by": [
      "stayfinder@gmail.com"
    ],
    "created_at": "2026-04-25T13:05:50.402Z"
  }
},
{
  "model": "chat.conversationmessage",
  "pk": "680f2809-1b47-4f68-a7ba-74a6ec930dba",
  "fields": {
    "conversation": "bd8befa9-a08d-46d9-8a99-8c8b0b6ddc4c",
    "body": "heyyy",
    "sent_to": [
      "stayfinder@gmail.com"
    ],
    "created_by": [
      "ron@gmail.com"
    ],
    "created_at": "2026-04-26T08:54:36.186Z"
  }
},
{
  "model": "chat.conversationmessage",
  "pk": "7c2e2ee7-e69e-4673-9615-802290b538ce",
  "fields": {
    "conversation": "bd8befa9-a08d-46d9-8a99-8c8b0b6ddc4c",
    "body": "well i am fascinated by all of them but i find property 1 the best",
    "sent_to": [
      "ron@gmail.com"
    ],
    "created_by": [
      "stayfinder@gmail.com"
    ],
    "created_at": "2026-04-24T14:17:29.811Z"
  }
},
{
  "model": "chat.conversationmessage",
  "pk": "8a1639e5-d54f-4ec3-a142-a4f9a2ec4310",
  "fields": {
    "conversation": "bd8befa9-a08d-46d9-8a99-8c8b0b6ddc4c",
    "body": "okay what kind of property are you looking for in nepal?",
    "sent_to": [
      "ron@gmail.com"
    ],
    "created_by": [
      "stayfinder@gmail.com"
    ],
    "created_at": "2026-04-25T13:08:35.701Z"
  }
},
{
  "model": "chat.conversationmessage",
  "pk": "8ac96da4-df32-4356-976e-cd73e9cf8932",
  "fields": {
    "conversation": "bd8befa9-a08d-46d9-8a99-8c8b0b6ddc4c",
    "body": "helloo",
    "sent_to": [
      "stayfinder@gmail.com"
    ],
    "created_by": [
      "ron@gmail.com"
    ],
    "created_at": "2026-04-24T14:14:19.386Z"
  }
},
{
  "model": "chat.conversationmessage",
  "pk": "9c13db6e-ba73-4bec-9b5e-040263d0271d",
  "fields": {
    "conversation": "bd8befa9-a08d-46d9-8a99-8c8b0b6ddc4c",
    "body": "more in like nepal",
    "sent_to": [
      "stayfinder@gmail.com"
    ],
    "created_by": [
      "ron@gmail.com"
    ],
    "created_at": "2026-04-25T13:08:08.727Z"
  }
},
{
  "model": "chat.conversationmessage",
  "pk": "9c3f00a3-ee7f-4518-a084-22d7dcb6b2fb",
  "fields": {
    "conversation": "bd8befa9-a08d-46d9-8a99-8c8b0b6ddc4c",
    "body": "i am ron nice to meet you.",
    "sent_to": [
      "stayfinder@gmail.com"
    ],
    "created_by": [
      "ron@gmail.com"
    ],
    "created_at": "2026-04-24T14:16:28.912Z"
  }
},
{
  "model": "chat.conversationmessage",
  "pk": "aa71907a-872d-45e0-ac65-5ca0c33f2949",
  "fields": {
    "conversation": "fce5ea2a-5a2b-4330-a28c-9a7ec2f9c6e9",
    "body": "hey",
    "sent_to": [
      "ayushbholan@gmail.com"
    ],
    "created_by": [
      "stayfinder@gmail.com"
    ],
    "created_at": "2026-04-24T14:13:33.505Z"
  }
},
{
  "model": "chat.conversationmessage",
  "pk": "b7279580-858e-4518-ba0b-39153af8be57",
  "fields": {
    "conversation": "bd8befa9-a08d-46d9-8a99-8c8b0b6ddc4c",
    "body": "did you like your property?",
    "sent_to": [
      "ron@gmail.com"
    ],
    "created_by": [
      "stayfinder@gmail.com"
    ],
    "created_at": "2026-04-25T13:05:58.438Z"
  }
},
{
  "model": "chat.conversationmessage",
  "pk": "bb03a845-88a7-41ab-acb7-8416e1b47fa4",
  "fields": {
    "conversation": "bd8befa9-a08d-46d9-8a99-8c8b0b6ddc4c",
    "body": "so which property are you loooking for?",
    "sent_to": [
      "stayfinder@gmail.com"
    ],
    "created_by": [
      "ron@gmail.com"
    ],
    "created_at": "2026-04-24T14:17:12.786Z"
  }
},
{
  "model": "chat.conversationmessage",
  "pk": "bf1566a2-8f61-497b-81c3-e682bac81b25",
  "fields": {
    "conversation": "bd8befa9-a08d-46d9-8a99-8c8b0b6ddc4c",
    "body": "hey",
    "sent_to": [
      "ron@gmail.com"
    ],
    "created_by": [
      "stayfinder@gmail.com"
    ],
    "created_at": "2026-04-25T13:17:26.977Z"
  }
},
{
  "model": "chat.conversationmessage",
  "pk": "bf97e093-52fe-43dc-af28-78ebee678b09",
  "fields": {
    "conversation": "bd8befa9-a08d-46d9-8a99-8c8b0b6ddc4c",
    "body": "hello",
    "sent_to": [
      "ron@gmail.com"
    ],
    "created_by": [
      "stayfinder@gmail.com"
    ],
    "created_at": "2026-04-24T14:01:33.278Z"
  }
},
{
  "model": "chat.conversationmessage",
  "pk": "c2c08fab-9631-468b-baf4-9b78e95f205d",
  "fields": {
    "conversation": "657ead76-17cf-4a65-97f6-795330dd723b",
    "body": "sure you can book one",
    "sent_to": [
      "user@gmail.com"
    ],
    "created_by": [
      "ron@gmail.com"
    ],
    "created_at": "2026-04-26T10:25:35.697Z"
  }
},
{
  "model": "chat.conversationmessage",
  "pk": "e3a9051e-2918-4686-b303-386ff136ef89",
  "fields": {
    "conversation": "fce5ea2a-5a2b-4330-a28c-9a7ec2f9c6e9",
    "body": "helllo",
    "sent_to": [
      "ayushbholan@gmail.com"
    ],
    "created_by": [
      "stayfinder@gmail.com"
    ],
    "created_at": "2026-04-24T14:10:19.379Z"
  }
},
{
  "model": "chat.conversationmessage",
  "pk": "e80de6e8-c2de-4abf-87f7-82e31fc39d41",
  "fields": {
    "conversation": "bd8befa9-a08d-46d9-8a99-8c8b0b6ddc4c",
    "body": "heyyy",
    "sent_to": [
      "ron@gmail.com"
    ],
    "created_by": [
      "stayfinder@gmail.com"
    ],
    "created_at": "2026-04-26T08:54:10.570Z"
  }
},
{
  "model": "chat.conversationmessage",
  "pk": "f7547eb9-b65f-4ea4-9114-e9015bc94f90",
  "fields": {
    "conversation": "fce5ea2a-5a2b-4330-a28c-9a7ec2f9c6e9",
    "body": "hey",
    "sent_to": [
      "ayushbholan@gmail.com"
    ],
    "created_by": [
      "stayfinder@gmail.com"
    ],
    "created_at": "2026-04-24T14:10:15.460Z"
  }
},
{
  "model": "chat.conversationmessage",
  "pk": "f91c7d03-50e0-45d3-8e31-8e6a79d44c5e",
  "fields": {
    "conversation": "bd8befa9-a08d-46d9-8a99-8c8b0b6ddc4c",
    "body": "heyyyyy heloooo",
    "sent_to": [
      "stayfinder@gmail.com"
    ],
    "created_by": [
      "ron@gmail.com"
    ],
    "created_at": "2026-04-25T15:41:07.523Z"
  }
},
{
  "model": "account.emailaddress",
  "pk": 1,
  "fields": {
    "user": [
      "test@gmail.com"
    ],
    "email": "test@gmail.com",
    "verified": false,
    "primary": true
  }
},
{
  "model": "account.emailaddress",
  "pk": 2,
  "fields": {
    "user": [
      "stayfinder@gmail.com"
    ],
    "email": "stayfinder@gmail.com",
    "verified": false,
    "primary": true
  }
},
{
  "model": "account.emailaddress",
  "pk": 3,
  "fields": {
    "user": [
      "ron@gmail.com"
    ],
    "email": "ron@gmail.com",
    "verified": false,
    "primary": true
  }
},
{
  "model": "account.emailaddress",
  "pk": 4,
  "fields": {
    "user": [
      "user@gmail.com"
    ],
    "email": "user@gmail.com",
    "verified": false,
    "primary": true
  }
},
{
  "model": "admin.logentry",
  "pk": 1,
  "fields": {
    "action_time": "2026-04-22T04:01:33.058Z",
    "user": [
      "ayushbholan@gmail.com"
    ],
    "content_type": [
      "property",
      "property"
    ],
    "object_id": "8e774b9c-3a36-4f96-857f-c013c92b0a02",
    "object_repr": "Property object (8e774b9c-3a36-4f96-857f-c013c92b0a02)",
    "action_flag": 1,
    "change_message": "[{\"added\": {}}]"
  }
},
{
  "model": "admin.logentry",
  "pk": 2,
  "fields": {
    "action_time": "2026-04-22T04:28:21.838Z",
    "user": [
      "ayushbholan@gmail.com"
    ],
    "content_type": [
      "property",
      "property"
    ],
    "object_id": "8e774b9c-3a36-4f96-857f-c013c92b0a02",
    "object_repr": "Property object (8e774b9c-3a36-4f96-857f-c013c92b0a02)",
    "action_flag": 2,
    "change_message": "[{\"changed\": {\"fields\": [\"Image\"]}}]"
  }
},
{
  "model": "admin.logentry",
  "pk": 3,
  "fields": {
    "action_time": "2026-04-22T07:41:37.692Z",
    "user": [
      "ayushbholan@gmail.com"
    ],
    "content_type": [
      "property",
      "property"
    ],
    "object_id": "579ab18a-6fc7-4673-b963-9dbb799d5531",
    "object_repr": "Property object (579ab18a-6fc7-4673-b963-9dbb799d5531)",
    "action_flag": 1,
    "change_message": "[{\"added\": {}}]"
  }
},
{
  "model": "admin.logentry",
  "pk": 4,
  "fields": {
    "action_time": "2026-04-22T09:59:35.621Z",
    "user": [
      "ayushbholan@gmail.com"
    ],
    "content_type": [
      "account",
      "emailaddress"
    ],
    "object_id": "1",
    "object_repr": "test@gmail.com",
    "action_flag": 2,
    "change_message": "[]"
  }
},
{
  "model": "admin.logentry",
  "pk": 5,
  "fields": {
    "action_time": "2026-04-22T11:38:43.814Z",
    "user": [
      "ayushbholan@gmail.com"
    ],
    "content_type": [
      "account",
      "emailaddress"
    ],
    "object_id": "2",
    "object_repr": "stayfinder@gmail.com",
    "action_flag": 2,
    "change_message": "[]"
  }
},
{
  "model": "admin.logentry",
  "pk": 6,
  "fields": {
    "action_time": "2026-04-23T14:13:47.762Z",
    "user": [
      "ayushbholan@gmail.com"
    ],
    "content_type": [
      "property",
      "reservation"
    ],
    "object_id": "7088af1a-ad22-4a53-8cd7-71c98154f773",
    "object_repr": "Reservation object (7088af1a-ad22-4a53-8cd7-71c98154f773)",
    "action_flag": 2,
    "change_message": "[]"
  }
},
{
  "model": "admin.logentry",
  "pk": 7,
  "fields": {
    "action_time": "2026-04-24T04:56:41.486Z",
    "user": [
      "ayushbholan@gmail.com"
    ],
    "content_type": [
      "account",
      "emailaddress"
    ],
    "object_id": "2",
    "object_repr": "stayfinder@gmail.com",
    "action_flag": 2,
    "change_message": "[]"
  }
},
{
  "model": "admin.logentry",
  "pk": 8,
  "fields": {
    "action_time": "2026-04-24T04:56:51.363Z",
    "user": [
      "ayushbholan@gmail.com"
    ],
    "content_type": [
      "property",
      "property"
    ],
    "object_id": "579ab18a-6fc7-4673-b963-9dbb799d5531",
    "object_repr": "Property object (579ab18a-6fc7-4673-b963-9dbb799d5531)",
    "action_flag": 2,
    "change_message": "[{\"changed\": {\"fields\": [\"Landlord\"]}}]"
  }
},
{
  "model": "admin.logentry",
  "pk": 9,
  "fields": {
    "action_time": "2026-04-24T04:58:31.352Z",
    "user": [
      "ayushbholan@gmail.com"
    ],
    "content_type": [
      "property",
      "property"
    ],
    "object_id": "8e774b9c-3a36-4f96-857f-c013c92b0a02",
    "object_repr": "Property object (8e774b9c-3a36-4f96-857f-c013c92b0a02)",
    "action_flag": 2,
    "change_message": "[]"
  }
},
{
  "model": "admin.logentry",
  "pk": 10,
  "fields": {
    "action_time": "2026-04-24T04:58:48.339Z",
    "user": [
      "ayushbholan@gmail.com"
    ],
    "content_type": [
      "property",
      "property"
    ],
    "object_id": "1ef04802-de6f-42e3-ab17-0a27cd8a737a",
    "object_repr": "Property object (1ef04802-de6f-42e3-ab17-0a27cd8a737a)",
    "action_flag": 2,
    "change_message": "[]"
  }
},
{
  "model": "admin.logentry",
  "pk": 11,
  "fields": {
    "action_time": "2026-04-24T04:58:51.420Z",
    "user": [
      "ayushbholan@gmail.com"
    ],
    "content_type": [
      "property",
      "property"
    ],
    "object_id": "1ef04802-de6f-42e3-ab17-0a27cd8a737a",
    "object_repr": "Property object (1ef04802-de6f-42e3-ab17-0a27cd8a737a)",
    "action_flag": 2,
    "change_message": "[]"
  }
},
{
  "model": "admin.logentry",
  "pk": 12,
  "fields": {
    "action_time": "2026-04-24T04:58:55.726Z",
    "user": [
      "ayushbholan@gmail.com"
    ],
    "content_type": [
      "property",
      "property"
    ],
    "object_id": "579ab18a-6fc7-4673-b963-9dbb799d5531",
    "object_repr": "Property object (579ab18a-6fc7-4673-b963-9dbb799d5531)",
    "action_flag": 2,
    "change_message": "[]"
  }
},
{
  "model": "admin.logentry",
  "pk": 13,
  "fields": {
    "action_time": "2026-04-24T04:59:18.908Z",
    "user": [
      "ayushbholan@gmail.com"
    ],
    "content_type": [
      "property",
      "property"
    ],
    "object_id": "1ef04802-de6f-42e3-ab17-0a27cd8a737a",
    "object_repr": "Property object (1ef04802-de6f-42e3-ab17-0a27cd8a737a)",
    "action_flag": 2,
    "change_message": "[]"
  }
},
{
  "model": "admin.logentry",
  "pk": 14,
  "fields": {
    "action_time": "2026-04-24T04:59:22.838Z",
    "user": [
      "ayushbholan@gmail.com"
    ],
    "content_type": [
      "property",
      "property"
    ],
    "object_id": "579ab18a-6fc7-4673-b963-9dbb799d5531",
    "object_repr": "Property object (579ab18a-6fc7-4673-b963-9dbb799d5531)",
    "action_flag": 2,
    "change_message": "[{\"changed\": {\"fields\": [\"Landlord\"]}}]"
  }
},
{
  "model": "admin.logentry",
  "pk": 15,
  "fields": {
    "action_time": "2026-04-24T05:00:39.963Z",
    "user": [
      "ayushbholan@gmail.com"
    ],
    "content_type": [
      "account",
      "emailaddress"
    ],
    "object_id": "2",
    "object_repr": "stayfinder@gmail.com",
    "action_flag": 2,
    "change_message": "[]"
  }
},
{
  "model": "admin.logentry",
  "pk": 16,
  "fields": {
    "action_time": "2026-04-24T05:00:50.350Z",
    "user": [
      "ayushbholan@gmail.com"
    ],
    "content_type": [
      "property",
      "property"
    ],
    "object_id": "579ab18a-6fc7-4673-b963-9dbb799d5531",
    "object_repr": "Property object (579ab18a-6fc7-4673-b963-9dbb799d5531)",
    "action_flag": 2,
    "change_message": "[]"
  }
},
{
  "model": "admin.logentry",
  "pk": 17,
  "fields": {
    "action_time": "2026-04-24T05:09:11.878Z",
    "user": [
      "ayushbholan@gmail.com"
    ],
    "content_type": [
      "account",
      "emailaddress"
    ],
    "object_id": "2",
    "object_repr": "stayfinder@gmail.com",
    "action_flag": 2,
    "change_message": "[]"
  }
},
{
  "model": "admin.logentry",
  "pk": 18,
  "fields": {
    "action_time": "2026-04-24T05:10:11.726Z",
    "user": [
      "ayushbholan@gmail.com"
    ],
    "content_type": [
      "property",
      "property"
    ],
    "object_id": "579ab18a-6fc7-4673-b963-9dbb799d5531",
    "object_repr": "Property object (579ab18a-6fc7-4673-b963-9dbb799d5531)",
    "action_flag": 2,
    "change_message": "[{\"changed\": {\"fields\": [\"Landlord\"]}}]"
  }
},
{
  "model": "admin.logentry",
  "pk": 19,
  "fields": {
    "action_time": "2026-04-24T05:14:56.765Z",
    "user": [
      "ayushbholan@gmail.com"
    ],
    "content_type": [
      "property",
      "property"
    ],
    "object_id": "1ef04802-de6f-42e3-ab17-0a27cd8a737a",
    "object_repr": "Property object (1ef04802-de6f-42e3-ab17-0a27cd8a737a)",
    "action_flag": 3,
    "change_message": ""
  }
},
{
  "model": "admin.logentry",
  "pk": 20,
  "fields": {
    "action_time": "2026-04-24T05:19:25.920Z",
    "user": [
      "ayushbholan@gmail.com"
    ],
    "content_type": [
      "property",
      "property"
    ],
    "object_id": "579ab18a-6fc7-4673-b963-9dbb799d5531",
    "object_repr": "Property object (579ab18a-6fc7-4673-b963-9dbb799d5531)",
    "action_flag": 2,
    "change_message": "[]"
  }
},
{
  "model": "admin.logentry",
  "pk": 21,
  "fields": {
    "action_time": "2026-04-24T05:19:39.247Z",
    "user": [
      "ayushbholan@gmail.com"
    ],
    "content_type": [
      "property",
      "property"
    ],
    "object_id": "cbcb5ff5-e414-461f-82e1-f8ea6b5dcea1",
    "object_repr": "Property object (cbcb5ff5-e414-461f-82e1-f8ea6b5dcea1)",
    "action_flag": 2,
    "change_message": "[]"
  }
},
{
  "model": "admin.logentry",
  "pk": 22,
  "fields": {
    "action_time": "2026-04-24T05:21:19.036Z",
    "user": [
      "ayushbholan@gmail.com"
    ],
    "content_type": [
      "property",
      "reservation"
    ],
    "object_id": "dea83e47-9d2d-46e7-9d14-d0f9439ac647",
    "object_repr": "Reservation object (dea83e47-9d2d-46e7-9d14-d0f9439ac647)",
    "action_flag": 2,
    "change_message": "[]"
  }
},
{
  "model": "admin.logentry",
  "pk": 23,
  "fields": {
    "action_time": "2026-04-24T08:10:10.845Z",
    "user": [
      "ayushbholan@gmail.com"
    ],
    "content_type": [
      "property",
      "property"
    ],
    "object_id": "cbcb5ff5-e414-461f-82e1-f8ea6b5dcea1",
    "object_repr": "Property object (cbcb5ff5-e414-461f-82e1-f8ea6b5dcea1)",
    "action_flag": 2,
    "change_message": "[]"
  }
},
{
  "model": "admin.logentry",
  "pk": 24,
  "fields": {
    "action_time": "2026-04-24T08:10:14.556Z",
    "user": [
      "ayushbholan@gmail.com"
    ],
    "content_type": [
      "property",
      "property"
    ],
    "object_id": "8e774b9c-3a36-4f96-857f-c013c92b0a02",
    "object_repr": "Property object (8e774b9c-3a36-4f96-857f-c013c92b0a02)",
    "action_flag": 2,
    "change_message": "[]"
  }
},
{
  "model": "admin.logentry",
  "pk": 25,
  "fields": {
    "action_time": "2026-04-24T08:10:20.553Z",
    "user": [
      "ayushbholan@gmail.com"
    ],
    "content_type": [
      "property",
      "property"
    ],
    "object_id": "579ab18a-6fc7-4673-b963-9dbb799d5531",
    "object_repr": "Property object (579ab18a-6fc7-4673-b963-9dbb799d5531)",
    "action_flag": 2,
    "change_message": "[{\"changed\": {\"fields\": [\"Guests\"]}}]"
  }
},
{
  "model": "admin.logentry",
  "pk": 26,
  "fields": {
    "action_time": "2026-04-24T11:20:33.347Z",
    "user": [
      "ayushbholan@gmail.com"
    ],
    "content_type": [
      "chat",
      "conversation"
    ],
    "object_id": "bd8befa9-a08d-46d9-8a99-8c8b0b6ddc4c",
    "object_repr": "Conversation object (bd8befa9-a08d-46d9-8a99-8c8b0b6ddc4c)",
    "action_flag": 1,
    "change_message": "[{\"added\": {}}]"
  }
},
{
  "model": "admin.logentry",
  "pk": 27,
  "fields": {
    "action_time": "2026-04-24T13:55:16.531Z",
    "user": [
      "ayushbholan@gmail.com"
    ],
    "content_type": [
      "useraccount",
      "user"
    ],
    "object_id": "f6bcf0f4-bd2d-4698-8586-741850694478",
    "object_repr": "ayushbholan@gmail.com",
    "action_flag": 2,
    "change_message": "[{\"changed\": {\"fields\": [\"Avatar\"]}}]"
  }
},
{
  "model": "admin.logentry",
  "pk": 28,
  "fields": {
    "action_time": "2026-04-24T13:55:51.842Z",
    "user": [
      "ayushbholan@gmail.com"
    ],
    "content_type": [
      "useraccount",
      "user"
    ],
    "object_id": "382e656a-6a1c-4a4f-a1bd-b1eb2b6e9063",
    "object_repr": "ron@gmail.com",
    "action_flag": 2,
    "change_message": "[{\"changed\": {\"fields\": [\"Name\", \"Avatar\"]}}]"
  }
},
{
  "model": "admin.logentry",
  "pk": 29,
  "fields": {
    "action_time": "2026-04-24T13:59:50.789Z",
    "user": [
      "ayushbholan@gmail.com"
    ],
    "content_type": [
      "useraccount",
      "user"
    ],
    "object_id": "f3095848-8e8a-4783-a9b6-82bdf4dd98fc",
    "object_repr": "stayfinder@gmail.com",
    "action_flag": 2,
    "change_message": "[{\"changed\": {\"fields\": [\"Name\", \"Avatar\"]}}]"
  }
},
{
  "model": "admin.logentry",
  "pk": 30,
  "fields": {
    "action_time": "2026-04-24T13:59:54.533Z",
    "user": [
      "ayushbholan@gmail.com"
    ],
    "content_type": [
      "useraccount",
      "user"
    ],
    "object_id": "f3095848-8e8a-4783-a9b6-82bdf4dd98fc",
    "object_repr": "stayfinder@gmail.com",
    "action_flag": 2,
    "change_message": "[]"
  }
},
{
  "model": "admin.logentry",
  "pk": 31,
  "fields": {
    "action_time": "2026-04-24T13:59:58.425Z",
    "user": [
      "ayushbholan@gmail.com"
    ],
    "content_type": [
      "useraccount",
      "user"
    ],
    "object_id": "382e656a-6a1c-4a4f-a1bd-b1eb2b6e9063",
    "object_repr": "ron@gmail.com",
    "action_flag": 2,
    "change_message": "[]"
  }
},
{
  "model": "admin.logentry",
  "pk": 32,
  "fields": {
    "action_time": "2026-04-24T14:00:20.052Z",
    "user": [
      "ayushbholan@gmail.com"
    ],
    "content_type": [
      "chat",
      "conversationmessage"
    ],
    "object_id": "26d9fc9d-593b-4196-abf6-ce8ba68ab402",
    "object_repr": "ConversationMessage object (26d9fc9d-593b-4196-abf6-ce8ba68ab402)",
    "action_flag": 3,
    "change_message": ""
  }
},
{
  "model": "admin.logentry",
  "pk": 33,
  "fields": {
    "action_time": "2026-04-24T14:00:23.778Z",
    "user": [
      "ayushbholan@gmail.com"
    ],
    "content_type": [
      "chat",
      "conversationmessage"
    ],
    "object_id": "685ed54d-7471-4b22-a2da-dc2b69347c06",
    "object_repr": "ConversationMessage object (685ed54d-7471-4b22-a2da-dc2b69347c06)",
    "action_flag": 3,
    "change_message": ""
  }
},
{
  "model": "admin.logentry",
  "pk": 34,
  "fields": {
    "action_time": "2026-04-24T14:00:27.118Z",
    "user": [
      "ayushbholan@gmail.com"
    ],
    "content_type": [
      "chat",
      "conversationmessage"
    ],
    "object_id": "f6d51241-36c3-4f7e-8091-db0b229ab2fb",
    "object_repr": "ConversationMessage object (f6d51241-36c3-4f7e-8091-db0b229ab2fb)",
    "action_flag": 3,
    "change_message": ""
  }
},
{
  "model": "admin.logentry",
  "pk": 35,
  "fields": {
    "action_time": "2026-04-24T14:00:30.867Z",
    "user": [
      "ayushbholan@gmail.com"
    ],
    "content_type": [
      "chat",
      "conversationmessage"
    ],
    "object_id": "934d9510-b5a0-48f7-aafd-f0d016e0f718",
    "object_repr": "ConversationMessage object (934d9510-b5a0-48f7-aafd-f0d016e0f718)",
    "action_flag": 3,
    "change_message": ""
  }
},
{
  "model": "admin.logentry",
  "pk": 36,
  "fields": {
    "action_time": "2026-04-24T14:00:34.468Z",
    "user": [
      "ayushbholan@gmail.com"
    ],
    "content_type": [
      "chat",
      "conversationmessage"
    ],
    "object_id": "4faa553e-dedb-450c-82c5-bd347ea9a787",
    "object_repr": "ConversationMessage object (4faa553e-dedb-450c-82c5-bd347ea9a787)",
    "action_flag": 3,
    "change_message": ""
  }
},
{
  "model": "admin.logentry",
  "pk": 37,
  "fields": {
    "action_time": "2026-04-24T14:00:43.304Z",
    "user": [
      "ayushbholan@gmail.com"
    ],
    "content_type": [
      "chat",
      "conversationmessage"
    ],
    "object_id": "1e8519cd-c8a2-4ea9-b81c-f9828c623e3e",
    "object_repr": "ConversationMessage object (1e8519cd-c8a2-4ea9-b81c-f9828c623e3e)",
    "action_flag": 2,
    "change_message": "[]"
  }
},
{
  "model": "admin.logentry",
  "pk": 38,
  "fields": {
    "action_time": "2026-04-24T14:00:46.675Z",
    "user": [
      "ayushbholan@gmail.com"
    ],
    "content_type": [
      "chat",
      "conversationmessage"
    ],
    "object_id": "9c42ef6e-cbc0-444a-a6a9-32a02d059222",
    "object_repr": "ConversationMessage object (9c42ef6e-cbc0-444a-a6a9-32a02d059222)",
    "action_flag": 3,
    "change_message": ""
  }
},
{
  "model": "admin.logentry",
  "pk": 39,
  "fields": {
    "action_time": "2026-04-24T14:00:51.032Z",
    "user": [
      "ayushbholan@gmail.com"
    ],
    "content_type": [
      "chat",
      "conversationmessage"
    ],
    "object_id": "be743776-7c9b-43cc-8321-4f7c903fdae0",
    "object_repr": "ConversationMessage object (be743776-7c9b-43cc-8321-4f7c903fdae0)",
    "action_flag": 3,
    "change_message": ""
  }
},
{
  "model": "admin.logentry",
  "pk": 40,
  "fields": {
    "action_time": "2026-04-24T14:00:54.665Z",
    "user": [
      "ayushbholan@gmail.com"
    ],
    "content_type": [
      "chat",
      "conversationmessage"
    ],
    "object_id": "a62eb57f-4e85-4d95-8b83-b5a49c2707b8",
    "object_repr": "ConversationMessage object (a62eb57f-4e85-4d95-8b83-b5a49c2707b8)",
    "action_flag": 3,
    "change_message": ""
  }
},
{
  "model": "admin.logentry",
  "pk": 41,
  "fields": {
    "action_time": "2026-04-24T14:00:58.379Z",
    "user": [
      "ayushbholan@gmail.com"
    ],
    "content_type": [
      "chat",
      "conversationmessage"
    ],
    "object_id": "95b82c5d-a06b-4e7f-a96a-2cb38ff4e291",
    "object_repr": "ConversationMessage object (95b82c5d-a06b-4e7f-a96a-2cb38ff4e291)",
    "action_flag": 3,
    "change_message": ""
  }
},
{
  "model": "admin.logentry",
  "pk": 42,
  "fields": {
    "action_time": "2026-04-24T14:01:01.780Z",
    "user": [
      "ayushbholan@gmail.com"
    ],
    "content_type": [
      "chat",
      "conversationmessage"
    ],
    "object_id": "55c3aae4-11d1-40ca-932d-d4cdb80dda31",
    "object_repr": "ConversationMessage object (55c3aae4-11d1-40ca-932d-d4cdb80dda31)",
    "action_flag": 3,
    "change_message": ""
  }
},
{
  "model": "admin.logentry",
  "pk": 43,
  "fields": {
    "action_time": "2026-04-24T14:11:30.021Z",
    "user": [
      "ayushbholan@gmail.com"
    ],
    "content_type": [
      "property",
      "property"
    ],
    "object_id": "8e774b9c-3a36-4f96-857f-c013c92b0a02",
    "object_repr": "Property object (8e774b9c-3a36-4f96-857f-c013c92b0a02)",
    "action_flag": 2,
    "change_message": "[]"
  }
},
{
  "model": "admin.logentry",
  "pk": 44,
  "fields": {
    "action_time": "2026-04-24T14:12:38.047Z",
    "user": [
      "ayushbholan@gmail.com"
    ],
    "content_type": [
      "useraccount",
      "user"
    ],
    "object_id": "382e656a-6a1c-4a4f-a1bd-b1eb2b6e9063",
    "object_repr": "ron@gmail.com",
    "action_flag": 2,
    "change_message": "[]"
  }
},
{
  "model": "admin.logentry",
  "pk": 45,
  "fields": {
    "action_time": "2026-04-24T14:12:39.775Z",
    "user": [
      "ayushbholan@gmail.com"
    ],
    "content_type": [
      "property",
      "property"
    ],
    "object_id": "8e774b9c-3a36-4f96-857f-c013c92b0a02",
    "object_repr": "Property object (8e774b9c-3a36-4f96-857f-c013c92b0a02)",
    "action_flag": 2,
    "change_message": "[{\"changed\": {\"fields\": [\"Landlord\"]}}]"
  }
},
{
  "model": "admin.logentry",
  "pk": 46,
  "fields": {
    "action_time": "2026-04-25T04:58:28.211Z",
    "user": [
      "ayushbholan@gmail.com"
    ],
    "content_type": [
      "property",
      "property"
    ],
    "object_id": "cbcb5ff5-e414-461f-82e1-f8ea6b5dcea1",
    "object_repr": "Property object (cbcb5ff5-e414-461f-82e1-f8ea6b5dcea1)",
    "action_flag": 2,
    "change_message": "[{\"changed\": {\"fields\": [\"Title\", \"Category\"]}}]"
  }
},
{
  "model": "admin.logentry",
  "pk": 47,
  "fields": {
    "action_time": "2026-04-25T04:58:51.229Z",
    "user": [
      "ayushbholan@gmail.com"
    ],
    "content_type": [
      "property",
      "property"
    ],
    "object_id": "8e774b9c-3a36-4f96-857f-c013c92b0a02",
    "object_repr": "Property object (8e774b9c-3a36-4f96-857f-c013c92b0a02)",
    "action_flag": 2,
    "change_message": "[{\"changed\": {\"fields\": [\"Title\", \"Category\"]}}]"
  }
},
{
  "model": "admin.logentry",
  "pk": 48,
  "fields": {
    "action_time": "2026-04-25T04:59:21.372Z",
    "user": [
      "ayushbholan@gmail.com"
    ],
    "content_type": [
      "property",
      "property"
    ],
    "object_id": "579ab18a-6fc7-4673-b963-9dbb799d5531",
    "object_repr": "Property object (579ab18a-6fc7-4673-b963-9dbb799d5531)",
    "action_flag": 2,
    "change_message": "[{\"changed\": {\"fields\": [\"Title\", \"Category\"]}}]"
  }
},
{
  "model": "admin.logentry",
  "pk": 49,
  "fields": {
    "action_time": "2026-04-25T13:38:56.212Z",
    "user": [
      "ayushbholan@gmail.com"
    ],
    "content_type": [
      "property",
      "property"
    ],
    "object_id": "cbcb5ff5-e414-461f-82e1-f8ea6b5dcea1",
    "object_repr": "Property object (cbcb5ff5-e414-461f-82e1-f8ea6b5dcea1)",
    "action_flag": 2,
    "change_message": "[{\"changed\": {\"fields\": [\"Title\", \"Description\", \"Price per night\", \"Bedrooms\", \"Bathrooms\", \"Guests\", \"Country\", \"Country code\", \"Category\", \"Image\"]}}]"
  }
},
{
  "model": "admin.logentry",
  "pk": 50,
  "fields": {
    "action_time": "2026-04-25T13:39:39.397Z",
    "user": [
      "ayushbholan@gmail.com"
    ],
    "content_type": [
      "property",
      "property"
    ],
    "object_id": "cbcb5ff5-e414-461f-82e1-f8ea6b5dcea1",
    "object_repr": "Property object (cbcb5ff5-e414-461f-82e1-f8ea6b5dcea1)",
    "action_flag": 2,
    "change_message": "[]"
  }
},
{
  "model": "admin.logentry",
  "pk": 51,
  "fields": {
    "action_time": "2026-04-25T13:41:58.439Z",
    "user": [
      "ayushbholan@gmail.com"
    ],
    "content_type": [
      "property",
      "property"
    ],
    "object_id": "8e774b9c-3a36-4f96-857f-c013c92b0a02",
    "object_repr": "Property object (8e774b9c-3a36-4f96-857f-c013c92b0a02)",
    "action_flag": 2,
    "change_message": "[{\"changed\": {\"fields\": [\"Title\", \"Description\", \"Price per night\", \"Country\", \"Country code\", \"Category\", \"Image\"]}}]"
  }
},
{
  "model": "admin.logentry",
  "pk": 52,
  "fields": {
    "action_time": "2026-04-25T13:44:38.827Z",
    "user": [
      "ayushbholan@gmail.com"
    ],
    "content_type": [
      "property",
      "property"
    ],
    "object_id": "e2d1b9c0-cab0-43f6-b9fe-065cfc473ebe",
    "object_repr": "Property object (e2d1b9c0-cab0-43f6-b9fe-065cfc473ebe)",
    "action_flag": 2,
    "change_message": "[]"
  }
},
{
  "model": "admin.logentry",
  "pk": 53,
  "fields": {
    "action_time": "2026-04-25T13:44:41.638Z",
    "user": [
      "ayushbholan@gmail.com"
    ],
    "content_type": [
      "property",
      "property"
    ],
    "object_id": "cbcb5ff5-e414-461f-82e1-f8ea6b5dcea1",
    "object_repr": "Property object (cbcb5ff5-e414-461f-82e1-f8ea6b5dcea1)",
    "action_flag": 2,
    "change_message": "[]"
  }
},
{
  "model": "admin.logentry",
  "pk": 54,
  "fields": {
    "action_time": "2026-04-25T13:44:44.420Z",
    "user": [
      "ayushbholan@gmail.com"
    ],
    "content_type": [
      "property",
      "property"
    ],
    "object_id": "8e774b9c-3a36-4f96-857f-c013c92b0a02",
    "object_repr": "Property object (8e774b9c-3a36-4f96-857f-c013c92b0a02)",
    "action_flag": 2,
    "change_message": "[]"
  }
},
{
  "model": "admin.logentry",
  "pk": 55,
  "fields": {
    "action_time": "2026-04-25T13:47:49.023Z",
    "user": [
      "ayushbholan@gmail.com"
    ],
    "content_type": [
      "property",
      "property"
    ],
    "object_id": "579ab18a-6fc7-4673-b963-9dbb799d5531",
    "object_repr": "Property object (579ab18a-6fc7-4673-b963-9dbb799d5531)",
    "action_flag": 2,
    "change_message": "[{\"changed\": {\"fields\": [\"Title\", \"Description\", \"Price per night\", \"Bedrooms\", \"Country\", \"Country code\", \"Category\", \"Image\", \"Landlord\"]}}]"
  }
},
{
  "model": "admin.logentry",
  "pk": 56,
  "fields": {
    "action_time": "2026-04-25T13:48:42.596Z",
    "user": [
      "ayushbholan@gmail.com"
    ],
    "content_type": [
      "property",
      "property"
    ],
    "object_id": "cbcb5ff5-e414-461f-82e1-f8ea6b5dcea1",
    "object_repr": "Property object (cbcb5ff5-e414-461f-82e1-f8ea6b5dcea1)",
    "action_flag": 2,
    "change_message": "[]"
  }
},
{
  "model": "admin.logentry",
  "pk": 57,
  "fields": {
    "action_time": "2026-04-25T13:48:45.397Z",
    "user": [
      "ayushbholan@gmail.com"
    ],
    "content_type": [
      "property",
      "property"
    ],
    "object_id": "8e774b9c-3a36-4f96-857f-c013c92b0a02",
    "object_repr": "Property object (8e774b9c-3a36-4f96-857f-c013c92b0a02)",
    "action_flag": 2,
    "change_message": "[]"
  }
},
{
  "model": "admin.logentry",
  "pk": 58,
  "fields": {
    "action_time": "2026-04-25T13:48:48.616Z",
    "user": [
      "ayushbholan@gmail.com"
    ],
    "content_type": [
      "property",
      "property"
    ],
    "object_id": "8e774b9c-3a36-4f96-857f-c013c92b0a02",
    "object_repr": "Property object (8e774b9c-3a36-4f96-857f-c013c92b0a02)",
    "action_flag": 2,
    "change_message": "[]"
  }
},
{
  "model": "admin.logentry",
  "pk": 59,
  "fields": {
    "action_time": "2026-04-25T13:48:51.538Z",
    "user": [
      "ayushbholan@gmail.com"
    ],
    "content_type": [
      "property",
      "property"
    ],
    "object_id": "cbcb5ff5-e414-461f-82e1-f8ea6b5dcea1",
    "object_repr": "Property object (cbcb5ff5-e414-461f-82e1-f8ea6b5dcea1)",
    "action_flag": 2,
    "change_message": "[]"
  }
},
{
  "model": "admin.logentry",
  "pk": 60,
  "fields": {
    "action_time": "2026-04-25T13:49:09.066Z",
    "user": [
      "ayushbholan@gmail.com"
    ],
    "content_type": [
      "property",
      "property"
    ],
    "object_id": "e2d1b9c0-cab0-43f6-b9fe-065cfc473ebe",
    "object_repr": "Property object (e2d1b9c0-cab0-43f6-b9fe-065cfc473ebe)",
    "action_flag": 2,
    "change_message": "[{\"changed\": {\"fields\": [\"Category\"]}}]"
  }
},
{
  "model": "admin.logentry",
  "pk": 61,
  "fields": {
    "action_time": "2026-04-25T13:52:07.613Z",
    "user": [
      "ayushbholan@gmail.com"
    ],
    "content_type": [
      "property",
      "property"
    ],
    "object_id": "e2d1b9c0-cab0-43f6-b9fe-065cfc473ebe",
    "object_repr": "Property object (e2d1b9c0-cab0-43f6-b9fe-065cfc473ebe)",
    "action_flag": 2,
    "change_message": "[]"
  }
},
{
  "model": "admin.logentry",
  "pk": 62,
  "fields": {
    "action_time": "2026-04-25T15:29:01.123Z",
    "user": [
      "ayushbholan@gmail.com"
    ],
    "content_type": [
      "property",
      "reservation"
    ],
    "object_id": "e8009803-7b56-4518-9188-c73dea3ea616",
    "object_repr": "Entire serviced apartment in Kuala Lumpur, Malaysia | 2026-04-25 to 2026-04-25 | stayfinder@gmail.com",
    "action_flag": 2,
    "change_message": "[]"
  }
},
{
  "model": "admin.logentry",
  "pk": 63,
  "fields": {
    "action_time": "2026-04-25T15:46:51.247Z",
    "user": [
      "ayushbholan@gmail.com"
    ],
    "content_type": [
      "property",
      "reservation"
    ],
    "object_id": "dea83e47-9d2d-46e7-9d14-d0f9439ac647",
    "object_repr": "Entire serviced apartment in Kuala Lumpur, Malaysia | 2026-04-25 to 2026-04-27 | stayfinder@gmail.com",
    "action_flag": 2,
    "change_message": "[]"
  }
},
{
  "model": "admin.logentry",
  "pk": 64,
  "fields": {
    "action_time": "2026-04-25T17:39:30.884Z",
    "user": [
      "ayushbholan@gmail.com"
    ],
    "content_type": [
      "property",
      "property"
    ],
    "object_id": "319e62ed-7f04-4d25-8921-5167af92f674",
    "object_repr": "Entire home in Rosemead, California, United States",
    "action_flag": 2,
    "change_message": "[{\"changed\": {\"fields\": [\"Title\", \"Description\", \"Price per night\", \"Bedrooms\", \"Bathrooms\", \"Guests\", \"Country\", \"Country code\", \"Category\", \"Image\", \"Landlord\"]}}]"
  }
},
{
  "model": "admin.logentry",
  "pk": 65,
  "fields": {
    "action_time": "2026-04-25T17:52:03.366Z",
    "user": [
      "ayushbholan@gmail.com"
    ],
    "content_type": [
      "property",
      "property"
    ],
    "object_id": "319e62ed-7f04-4d25-8921-5167af92f674",
    "object_repr": "Entire home in Rosemead, California, United States",
    "action_flag": 2,
    "change_message": "[]"
  }
},
{
  "model": "admin.logentry",
  "pk": 66,
  "fields": {
    "action_time": "2026-04-25T17:52:36.139Z",
    "user": [
      "ayushbholan@gmail.com"
    ],
    "content_type": [
      "property",
      "property"
    ],
    "object_id": "97989d5c-3854-4beb-b918-4c3ccc2aacf6",
    "object_repr": "Entire home in Long Beach, California, United States",
    "action_flag": 2,
    "change_message": "[{\"changed\": {\"fields\": [\"Category\"]}}]"
  }
},
{
  "model": "admin.logentry",
  "pk": 67,
  "fields": {
    "action_time": "2026-04-25T17:57:18.578Z",
    "user": [
      "ayushbholan@gmail.com"
    ],
    "content_type": [
      "property",
      "property"
    ],
    "object_id": "c311e3b7-7656-4d01-b51d-eec7b752d657",
    "object_repr": "Entire home in Jeju-si, South Korea",
    "action_flag": 2,
    "change_message": "[{\"changed\": {\"fields\": [\"Category\"]}}]"
  }
},
{
  "model": "admin.logentry",
  "pk": 68,
  "fields": {
    "action_time": "2026-04-25T17:59:42.777Z",
    "user": [
      "ayushbholan@gmail.com"
    ],
    "content_type": [
      "property",
      "property"
    ],
    "object_id": "74c2ea93-9327-4072-a3fe-e7cb97c07573",
    "object_repr": "Starlight Villa in Johor Bahru, Malaysia",
    "action_flag": 1,
    "change_message": "[{\"added\": {}}]"
  }
},
{
  "model": "admin.logentry",
  "pk": 69,
  "fields": {
    "action_time": "2026-04-25T18:06:18.439Z",
    "user": [
      "ayushbholan@gmail.com"
    ],
    "content_type": [
      "property",
      "reservation"
    ],
    "object_id": "8a816953-14e9-4869-8dc1-bd2a01a920bb",
    "object_repr": "Room in Melbourne, Australia | 2026-04-28 to 2026-04-30 | stayfinder@gmail.com",
    "action_flag": 2,
    "change_message": "[]"
  }
},
{
  "model": "admin.logentry",
  "pk": 70,
  "fields": {
    "action_time": "2026-04-26T05:00:04.933Z",
    "user": [
      "ayushbholan@gmail.com"
    ],
    "content_type": [
      "property",
      "property"
    ],
    "object_id": "d1197b5b-0f39-4a84-9f55-a91298755a00",
    "object_repr": "sdsadasd",
    "action_flag": 3,
    "change_message": ""
  }
},
{
  "model": "admin.logentry",
  "pk": 71,
  "fields": {
    "action_time": "2026-04-26T05:15:56.163Z",
    "user": [
      "ayushbholan@gmail.com"
    ],
    "content_type": [
      "useraccount",
      "user"
    ],
    "object_id": "dc54d650-6e63-4fca-87ae-6cfaca0bbc4d",
    "object_repr": "user@gmail.com",
    "action_flag": 2,
    "change_message": "[{\"changed\": {\"fields\": [\"Name\", \"Avatar\"]}}]"
  }
},
{
  "model": "admin.logentry",
  "pk": 72,
  "fields": {
    "action_time": "2026-04-26T05:51:54.984Z",
    "user": [
      "ayushbholan@gmail.com"
    ],
    "content_type": [
      "property",
      "reservation"
    ],
    "object_id": "144765b4-d61c-41d1-ac28-88002d741ec3",
    "object_repr": "Room in Melbourne, Australia | 2026-04-26 to 2026-04-26 | user@gmail.com",
    "action_flag": 2,
    "change_message": "[]"
  }
},
{
  "model": "admin.logentry",
  "pk": 73,
  "fields": {
    "action_time": "2026-04-26T05:52:59.145Z",
    "user": [
      "ayushbholan@gmail.com"
    ],
    "content_type": [
      "property",
      "reservation"
    ],
    "object_id": "144765b4-d61c-41d1-ac28-88002d741ec3",
    "object_repr": "Room in Melbourne, Australia | 2026-04-24 to 2026-04-25 | user@gmail.com",
    "action_flag": 2,
    "change_message": "[{\"changed\": {\"fields\": [\"Start date\", \"End date\"]}}]"
  }
},
{
  "model": "admin.logentry",
  "pk": 74,
  "fields": {
    "action_time": "2026-04-26T07:52:35.032Z",
    "user": [
      "ayushbholan@gmail.com"
    ],
    "content_type": [
      "chat",
      "conversationmessage"
    ],
    "object_id": "f91c7d03-50e0-45d3-8e31-8e6a79d44c5e",
    "object_repr": "ConversationMessage object (f91c7d03-50e0-45d3-8e31-8e6a79d44c5e)",
    "action_flag": 2,
    "change_message": "[]"
  }
},
{
  "model": "admin.logentry",
  "pk": 75,
  "fields": {
    "action_time": "2026-04-26T07:52:38.783Z",
    "user": [
      "ayushbholan@gmail.com"
    ],
    "content_type": [
      "chat",
      "conversationmessage"
    ],
    "object_id": "f7547eb9-b65f-4ea4-9114-e9015bc94f90",
    "object_repr": "ConversationMessage object (f7547eb9-b65f-4ea4-9114-e9015bc94f90)",
    "action_flag": 2,
    "change_message": "[]"
  }
},
{
  "model": "admin.logentry",
  "pk": 76,
  "fields": {
    "action_time": "2026-04-26T07:52:43.934Z",
    "user": [
      "ayushbholan@gmail.com"
    ],
    "content_type": [
      "chat",
      "conversationmessage"
    ],
    "object_id": "02c1c617-b18b-4b18-933f-14c390970220",
    "object_repr": "ConversationMessage object (02c1c617-b18b-4b18-933f-14c390970220)",
    "action_flag": 2,
    "change_message": "[]"
  }
},
{
  "model": "admin.logentry",
  "pk": 77,
  "fields": {
    "action_time": "2026-04-26T07:52:48.012Z",
    "user": [
      "ayushbholan@gmail.com"
    ],
    "content_type": [
      "chat",
      "conversationmessage"
    ],
    "object_id": "0338b84c-7110-4695-9ac1-84e60e3cbe7d",
    "object_repr": "ConversationMessage object (0338b84c-7110-4695-9ac1-84e60e3cbe7d)",
    "action_flag": 2,
    "change_message": "[]"
  }
},
{
  "model": "admin.logentry",
  "pk": 78,
  "fields": {
    "action_time": "2026-04-26T07:52:50.282Z",
    "user": [
      "ayushbholan@gmail.com"
    ],
    "content_type": [
      "chat",
      "conversationmessage"
    ],
    "object_id": "1c34a905-6b33-4968-8bd5-08785a0af950",
    "object_repr": "ConversationMessage object (1c34a905-6b33-4968-8bd5-08785a0af950)",
    "action_flag": 2,
    "change_message": "[]"
  }
},
{
  "model": "admin.logentry",
  "pk": 79,
  "fields": {
    "action_time": "2026-04-26T07:52:52.237Z",
    "user": [
      "ayushbholan@gmail.com"
    ],
    "content_type": [
      "chat",
      "conversationmessage"
    ],
    "object_id": "1e8519cd-c8a2-4ea9-b81c-f9828c623e3e",
    "object_repr": "ConversationMessage object (1e8519cd-c8a2-4ea9-b81c-f9828c623e3e)",
    "action_flag": 2,
    "change_message": "[]"
  }
},
{
  "model": "admin.logentry",
  "pk": 80,
  "fields": {
    "action_time": "2026-04-26T07:52:54.356Z",
    "user": [
      "ayushbholan@gmail.com"
    ],
    "content_type": [
      "chat",
      "conversationmessage"
    ],
    "object_id": "36200088-5164-4596-8a93-8bf364008da6",
    "object_repr": "ConversationMessage object (36200088-5164-4596-8a93-8bf364008da6)",
    "action_flag": 2,
    "change_message": "[]"
  }
},
{
  "model": "admin.logentry",
  "pk": 81,
  "fields": {
    "action_time": "2026-04-26T09:04:28.231Z",
    "user": [
      "ayushbholan@gmail.com"
    ],
    "content_type": [
      "property",
      "reservation"
    ],
    "object_id": "8c0925f4-8fca-4c48-9d70-c6083bcf9656",
    "object_repr": "Entire serviced apartment in Kuala Lumpur, Malaysia | 2026-04-26 to 2026-04-26 | ron@gmail.com",
    "action_flag": 2,
    "change_message": "[]"
  }
},
{
  "model": "admin.logentry",
  "pk": 82,
  "fields": {
    "action_time": "2026-04-26T09:04:47.801Z",
    "user": [
      "ayushbholan@gmail.com"
    ],
    "content_type": [
      "property",
      "reservation"
    ],
    "object_id": "8c0925f4-8fca-4c48-9d70-c6083bcf9656",
    "object_repr": "Entire serviced apartment in Kuala Lumpur, Malaysia | 2026-04-26 to 2026-04-26 | ron@gmail.com",
    "action_flag": 2,
    "change_message": "[]"
  }
},
{
  "model": "admin.logentry",
  "pk": 83,
  "fields": {
    "action_time": "2026-04-26T09:04:56.783Z",
    "user": [
      "ayushbholan@gmail.com"
    ],
    "content_type": [
      "property",
      "reservation"
    ],
    "object_id": "8c0925f4-8fca-4c48-9d70-c6083bcf9656",
    "object_repr": "Entire serviced apartment in Kuala Lumpur, Malaysia | 2026-04-26 to 2026-04-27 | ron@gmail.com",
    "action_flag": 2,
    "change_message": "[{\"changed\": {\"fields\": [\"End date\"]}}]"
  }
},
{
  "model": "admin.logentry",
  "pk": 84,
  "fields": {
    "action_time": "2026-04-26T09:10:48.047Z",
    "user": [
      "ayushbholan@gmail.com"
    ],
    "content_type": [
      "property",
      "reservation"
    ],
    "object_id": "cba6c1b2-9590-4e92-863f-8dbfa4d837ce",
    "object_repr": "Entire rental unit in Sumida-ku, Japan | 2026-04-26 to 2026-04-28 | ron@gmail.com",
    "action_flag": 2,
    "change_message": "[]"
  }
},
{
  "model": "admin.logentry",
  "pk": 85,
  "fields": {
    "action_time": "2026-04-26T10:21:29.584Z",
    "user": [
      "ayushbholan@gmail.com"
    ],
    "content_type": [
      "property",
      "reservation"
    ],
    "object_id": "cba6c1b2-9590-4e92-863f-8dbfa4d837ce",
    "object_repr": "Entire rental unit in Sumida-ku, Japan | 2026-04-24 to 2026-04-26 | ron@gmail.com",
    "action_flag": 2,
    "change_message": "[{\"changed\": {\"fields\": [\"Start date\", \"End date\"]}}]"
  }
},
{
  "model": "admin.logentry",
  "pk": 86,
  "fields": {
    "action_time": "2026-04-26T10:24:24.533Z",
    "user": [
      "ayushbholan@gmail.com"
    ],
    "content_type": [
      "property",
      "reservation"
    ],
    "object_id": "ed751508-ce31-4225-b7b3-f82d52029c57",
    "object_repr": "Entire home in Long Beach, California, United States | 2026-04-26 to 2026-04-30 | user@gmail.com",
    "action_flag": 2,
    "change_message": "[]"
  }
},
{
  "model": "admin.logentry",
  "pk": 87,
  "fields": {
    "action_time": "2026-04-26T11:03:53.061Z",
    "user": [
      "ayushbholan@gmail.com"
    ],
    "content_type": [
      "property",
      "property"
    ],
    "object_id": "e2d1b9c0-cab0-43f6-b9fe-065cfc473ebe",
    "object_repr": "Pension in Jeju-si, South Korea",
    "action_flag": 2,
    "change_message": "[{\"changed\": {\"fields\": [\"Image\"]}}]"
  }
},
{
  "model": "admin.logentry",
  "pk": 88,
  "fields": {
    "action_time": "2026-04-26T11:10:31.474Z",
    "user": [
      "ayushbholan@gmail.com"
    ],
    "content_type": [
      "property",
      "property"
    ],
    "object_id": "bce6041d-a119-4570-ab2b-116318b5987a",
    "object_repr": "Private hanok in a traditional market • Gyeongdong Jae • Cheongnyangni Station",
    "action_flag": 2,
    "change_message": "[]"
  }
},
{
  "model": "admin.logentry",
  "pk": 89,
  "fields": {
    "action_time": "2026-04-26T11:10:42.224Z",
    "user": [
      "ayushbholan@gmail.com"
    ],
    "content_type": [
      "property",
      "property"
    ],
    "object_id": "c0f49b58-8677-4f7e-983a-374d55d77be6",
    "object_repr": "Private hanok in a traditional market • Gyeongdong Jae • Cheongnyangni Station",
    "action_flag": 3,
    "change_message": ""
  }
},
{
  "model": "admin.logentry",
  "pk": 90,
  "fields": {
    "action_time": "2026-04-26T11:11:13.151Z",
    "user": [
      "ayushbholan@gmail.com"
    ],
    "content_type": [
      "useraccount",
      "user"
    ],
    "object_id": "382e656a-6a1c-4a4f-a1bd-b1eb2b6e9063",
    "object_repr": "ron@gmail.com",
    "action_flag": 2,
    "change_message": "[]"
  }
},
{
  "model": "admin.logentry",
  "pk": 91,
  "fields": {
    "action_time": "2026-04-26T12:07:28.788Z",
    "user": [
      "ayushbholan@gmail.com"
    ],
    "content_type": [
      "property",
      "property"
    ],
    "object_id": "bce6041d-a119-4570-ab2b-116318b5987a",
    "object_repr": "Private hanok in a traditional market • Gyeongdong Jae • Cheongnyangni Station",
    "action_flag": 2,
    "change_message": "[]"
  }
},
{
  "model": "admin.logentry",
  "pk": 92,
  "fields": {
    "action_time": "2026-04-26T12:21:06.882Z",
    "user": [
      "ayushbholan@gmail.com"
    ],
    "content_type": [
      "property",
      "property"
    ],
    "object_id": "e2d1b9c0-cab0-43f6-b9fe-065cfc473ebe",
    "object_repr": "Pension in Jeju-si, South Korea",
    "action_flag": 2,
    "change_message": "[]"
  }
},
{
  "model": "admin.logentry",
  "pk": 93,
  "fields": {
    "action_time": "2026-04-26T12:26:59.257Z",
    "user": [
      "ayushbholan@gmail.com"
    ],
    "content_type": [
      "useraccount",
      "user"
    ],
    "object_id": "f3095848-8e8a-4783-a9b6-82bdf4dd98fc",
    "object_repr": "stayfinder@gmail.com",
    "action_flag": 2,
    "change_message": "[]"
  }
},
{
  "model": "admin.logentry",
  "pk": 94,
  "fields": {
    "action_time": "2026-04-26T12:32:46.594Z",
    "user": [
      "ayushbholan@gmail.com"
    ],
    "content_type": [
      "property",
      "property"
    ],
    "object_id": "e2d1b9c0-cab0-43f6-b9fe-065cfc473ebe",
    "object_repr": "Pension in Jeju-si, South Korea",
    "action_flag": 2,
    "change_message": "[{\"added\": {\"name\": \"property image\", \"object\": \"Pension in Jeju-si, South Korea - image 0\"}}, {\"added\": {\"name\": \"property image\", \"object\": \"Pension in Jeju-si, South Korea - image 0\"}}, {\"added\": {\"name\": \"property image\", \"object\": \"Pension in Jeju-si, South Korea - image 0\"}}, {\"added\": {\"name\": \"property image\", \"object\": \"Pension in Jeju-si, South Korea - image 0\"}}, {\"added\": {\"name\": \"property image\", \"object\": \"Pension in Jeju-si, South Korea - image 0\"}}, {\"added\": {\"name\": \"property image\", \"object\": \"Pension in Jeju-si, South Korea - image 0\"}}, {\"added\": {\"name\": \"property image\", \"object\": \"Pension in Jeju-si, South Korea - image 0\"}}]"
  }
},
{
  "model": "admin.logentry",
  "pk": 95,
  "fields": {
    "action_time": "2026-04-26T12:34:19.115Z",
    "user": [
      "ayushbholan@gmail.com"
    ],
    "content_type": [
      "property",
      "property"
    ],
    "object_id": "e2d1b9c0-cab0-43f6-b9fe-065cfc473ebe",
    "object_repr": "Pension in Jeju-si, South Korea",
    "action_flag": 2,
    "change_message": "[{\"deleted\": {\"name\": \"property image\", \"object\": \"Pension in Jeju-si, South Korea - image 0\"}}, {\"deleted\": {\"name\": \"property image\", \"object\": \"Pension in Jeju-si, South Korea - image 0\"}}, {\"deleted\": {\"name\": \"property image\", \"object\": \"Pension in Jeju-si, South Korea - image 0\"}}, {\"deleted\": {\"name\": \"property image\", \"object\": \"Pension in Jeju-si, South Korea - image 0\"}}, {\"deleted\": {\"name\": \"property image\", \"object\": \"Pension in Jeju-si, South Korea - image 0\"}}, {\"deleted\": {\"name\": \"property image\", \"object\": \"Pension in Jeju-si, South Korea - image 0\"}}]"
  }
},
{
  "model": "admin.logentry",
  "pk": 96,
  "fields": {
    "action_time": "2026-04-26T12:34:30.682Z",
    "user": [
      "ayushbholan@gmail.com"
    ],
    "content_type": [
      "property",
      "property"
    ],
    "object_id": "e2d1b9c0-cab0-43f6-b9fe-065cfc473ebe",
    "object_repr": "Pension in Jeju-si, South Korea",
    "action_flag": 2,
    "change_message": "[{\"deleted\": {\"name\": \"property image\", \"object\": \"Pension in Jeju-si, South Korea - image 0\"}}]"
  }
},
{
  "model": "admin.logentry",
  "pk": 97,
  "fields": {
    "action_time": "2026-04-26T12:35:07.647Z",
    "user": [
      "ayushbholan@gmail.com"
    ],
    "content_type": [
      "property",
      "property"
    ],
    "object_id": "e2d1b9c0-cab0-43f6-b9fe-065cfc473ebe",
    "object_repr": "Pension in Jeju-si, South Korea",
    "action_flag": 2,
    "change_message": "[{\"added\": {\"name\": \"property image\", \"object\": \"Pension in Jeju-si, South Korea - image 0\"}}]"
  }
},
{
  "model": "admin.logentry",
  "pk": 98,
  "fields": {
    "action_time": "2026-04-26T12:48:14.636Z",
    "user": [
      "ayushbholan@gmail.com"
    ],
    "content_type": [
      "property",
      "property"
    ],
    "object_id": "74c2ea93-9327-4072-a3fe-e7cb97c07573",
    "object_repr": "Starlight Villa in Johor Bahru, Malaysia",
    "action_flag": 2,
    "change_message": "[{\"deleted\": {\"name\": \"property image\", \"object\": \"Starlight Villa in Johor Bahru, Malaysia - image 0\"}}, {\"deleted\": {\"name\": \"property image\", \"object\": \"Starlight Villa in Johor Bahru, Malaysia - image 1\"}}]"
  }
},
{
  "model": "admin.logentry",
  "pk": 99,
  "fields": {
    "action_time": "2026-04-26T12:56:04.977Z",
    "user": [
      "ayushbholan@gmail.com"
    ],
    "content_type": [
      "property",
      "property"
    ],
    "object_id": "74c2ea93-9327-4072-a3fe-e7cb97c07573",
    "object_repr": "Starlight Villa in Johor Bahru, Malaysia",
    "action_flag": 2,
    "change_message": "[]"
  }
},
{
  "model": "admin.logentry",
  "pk": 100,
  "fields": {
    "action_time": "2026-04-26T12:57:15.923Z",
    "user": [
      "ayushbholan@gmail.com"
    ],
    "content_type": [
      "property",
      "property"
    ],
    "object_id": "319e62ed-7f04-4d25-8921-5167af92f674",
    "object_repr": "Entire home in Rosemead, California, United States",
    "action_flag": 2,
    "change_message": "[{\"changed\": {\"fields\": [\"Image\"]}}, {\"added\": {\"name\": \"property image\", \"object\": \"Entire home in Rosemead, California, United States - image 0\"}}, {\"added\": {\"name\": \"property image\", \"object\": \"Entire home in Rosemead, California, United States - image 0\"}}, {\"added\": {\"name\": \"property image\", \"object\": \"Entire home in Rosemead, California, United States - image 0\"}}, {\"added\": {\"name\": \"property image\", \"object\": \"Entire home in Rosemead, California, United States - image 0\"}}, {\"added\": {\"name\": \"property image\", \"object\": \"Entire home in Rosemead, California, United States - image 0\"}}]"
  }
},
{
  "model": "admin.logentry",
  "pk": 101,
  "fields": {
    "action_time": "2026-04-26T12:59:23.191Z",
    "user": [
      "ayushbholan@gmail.com"
    ],
    "content_type": [
      "property",
      "property"
    ],
    "object_id": "319e62ed-7f04-4d25-8921-5167af92f674",
    "object_repr": "Entire home in Rosemead, California, United States",
    "action_flag": 2,
    "change_message": "[{\"added\": {\"name\": \"property image\", \"object\": \"Entire home in Rosemead, California, United States - image 0\"}}, {\"added\": {\"name\": \"property image\", \"object\": \"Entire home in Rosemead, California, United States - image 0\"}}, {\"added\": {\"name\": \"property image\", \"object\": \"Entire home in Rosemead, California, United States - image 0\"}}, {\"added\": {\"name\": \"property image\", \"object\": \"Entire home in Rosemead, California, United States - image 0\"}}]"
  }
},
{
  "model": "admin.logentry",
  "pk": 102,
  "fields": {
    "action_time": "2026-04-26T13:01:33.083Z",
    "user": [
      "ayushbholan@gmail.com"
    ],
    "content_type": [
      "property",
      "property"
    ],
    "object_id": "97989d5c-3854-4beb-b918-4c3ccc2aacf6",
    "object_repr": "Entire home in Long Beach, California, United States",
    "action_flag": 2,
    "change_message": "[{\"added\": {\"name\": \"property image\", \"object\": \"Entire home in Long Beach, California, United States - image 0\"}}, {\"added\": {\"name\": \"property image\", \"object\": \"Entire home in Long Beach, California, United States - image 0\"}}, {\"added\": {\"name\": \"property image\", \"object\": \"Entire home in Long Beach, California, United States - image 0\"}}]"
  }
},
{
  "model": "admin.logentry",
  "pk": 103,
  "fields": {
    "action_time": "2026-04-26T13:03:47.020Z",
    "user": [
      "ayushbholan@gmail.com"
    ],
    "content_type": [
      "property",
      "property"
    ],
    "object_id": "1a6d9810-5311-41f1-b178-ea6adf557fea",
    "object_repr": "Entire cabin in Muktinath, Nepal",
    "action_flag": 2,
    "change_message": "[{\"added\": {\"name\": \"property image\", \"object\": \"Entire cabin in Muktinath, Nepal - image 0\"}}, {\"added\": {\"name\": \"property image\", \"object\": \"Entire cabin in Muktinath, Nepal - image 0\"}}, {\"added\": {\"name\": \"property image\", \"object\": \"Entire cabin in Muktinath, Nepal - image 0\"}}, {\"added\": {\"name\": \"property image\", \"object\": \"Entire cabin in Muktinath, Nepal - image 0\"}}, {\"added\": {\"name\": \"property image\", \"object\": \"Entire cabin in Muktinath, Nepal - image 0\"}}]"
  }
},
{
  "model": "admin.logentry",
  "pk": 104,
  "fields": {
    "action_time": "2026-04-26T13:05:11.843Z",
    "user": [
      "ayushbholan@gmail.com"
    ],
    "content_type": [
      "property",
      "property"
    ],
    "object_id": "2cd96f9b-6db8-4a3d-9ff2-c404abba6c23",
    "object_repr": "Entire rental unit in Lalitpur, Nepal",
    "action_flag": 2,
    "change_message": "[{\"deleted\": {\"name\": \"property image\", \"object\": \"Entire rental unit in Lalitpur, Nepal - image 0\"}}]"
  }
}
]
